trans	sjNumber	chromo	strand	strpos	endpos	category	type	exonSeq	intronSeq	matchLen	matchPat	exonWiggle	intronWiggle	mismatch
PB.5794.6	junction_16	chr6	+	23024735	23024944	known	canonical	AGTTTTACCAGG	TTTTTTTCCAGG	8	TTTACCAG	0	0	True
PB.3289.1	junction_5	chr18	+	34627692	34627784	known	canonical	CACCATTCAAGG	TATTATTCCAGG	8	ATTCAAGG	1	1	True
PB.4534.1	junction_1	chr3	+	89177658	89177989	known	canonical	ATCCCTTTCAGG	TCTGCTCTCAGG	8	CTTTCAGG	1	1	True
PB.7551.2	junction_1	chrM	+	2341	8615	novel	canonical	TATTGACCCAGA	TAATGACCCACC	8	TGACCCAG	0	0	True
PB.4241.1	junction_11	chr2	+	157312592	157314777	known	canonical	CCCCTCACCAGG	GTTCTCTCCAGA	8	CTCACCAG	0	0	True
PB.6078.17	junction_4	chr6	+	121639553	121654482	novel	non_canonical	AAAATTTCCACC	TGGTCTTCCACC	8	TTTCCACC	1	1	True
PB.2379.1	junction_8	chr15	-	53101805	53106026	known	canonical	TGCTATTACAGG	TTATGTTACAGA	8	TATTACAG	0	0	True
PB.3228.2	junction_1	chr18	+	4676168	4680225	known	canonical	GTGGTGTGCAGG	CTTGTTTGCAGA	8	GTGTGCAG	0	0	True
PB.5159.1	junction_1	chr4	+	133098781	133099562	novel	non_canonical	GACTTGCTGACT	GGGTTGCTGACC	8	TTGCTGAC	0	0	False
PB.4162.3	junction_9	chr2	+	147028241	147038243	novel	non_canonical	CCAAGAGAAAAG	TTAAGAGAAAAG	8	AGAGAAAA	0	0	False
PB.7474.1	junction_2	chr9	-	108305381	108305721	known	canonical	TCACCGTCCAGG	CCTGCCTCCAGG	8	CGTCCAGG	1	1	True
PB.6912.2	junction_2	chr8	-	93974244	93974735	known	canonical	CTTCTGTCCAGG	TCTCTGTCCAGA	8	CTGTCCAG	0	0	False
PB.4788.1	junction_13	chr3	+	158062727	158063683	known	canonical	TCCTTTAACAGG	CATTGTAACAGG	8	TTTAACAG	0	0	True
PB.4279.1	junction_15	chr2	-	165310275	165311622	known	canonical	CTCCTGTCCCAG	ACATGTCTCAGC	8	TGTCCCAG	1	0	True
PB.4597.1	junction_5	chr3	-	96033824	96041337	known	canonical	GTGCTCTTCAGG	TCTTTCTTCAGA	8	CTCTTCAG	0	0	True
PB.3699.1	junction_9	chr2	+	3314865	3316139	known	canonical	GCCACTTGCAGG	TTGTCTTCCAGG	8	CTTGCAGG	1	1	True
PB.2225.1	junction_4	chr14	-	67695058	67695168	novel	non_canonical	TGTATTACCTGT	TTTGTTACCTGA	8	ATTACCTG	0	0	True
PB.1718.1	junction_9	chr12	+	110561469	110567727	known	canonical	CTCACTTCCAGG	CTGTCTTGCAGG	8	CTTCCAGG	1	1	True
PB.6693.1	junction_4	chr8	-	12624950	12625024	known	canonical	TCACCTTTGAGG	TGTCCTTTCAGG	8	CCTTTGAG	0	0	True
PB.3000.1	junction_1	chr17	-	29629197	29633183	novel	canonical	TTCTCTGTGTAG	TATCTGTGAAGC	8	TCTGTGTA	0	-1	True
PB.2038.3	junction_4	chr13	+	119470162	119472138	known	canonical	CACATGCACAGG	ACTTTTCACAGG	8	TGCACAGG	1	1	True
PB.3047.1	junction_1	chr17	-	34863032	34863178	known	canonical	GGTTCTTCCAGG	CTTCCCTCCAGG	8	CTTCCAGG	1	1	True
PB.3092.1	junction_4	chr17	-	45569388	45569469	known	canonical	AAAATTTAAAGG	TTCTTTTAAAGC	8	ATTTAAAG	0	0	True
PB.7108.2	junction_6	chr9	+	19643705	19645211	novel	canonical	TCCTTCTCCAGG	AGATTTTCCAGT	8	TTCTCCAG	0	0	True
PB.367.1	junction_12	chr1	-	161060860	161062781	known	canonical	ACTTTGTGAAGG	CATTTGTGTAGA	8	TTGTGAAG	0	0	True
PB.6794.1	junction_1	chr8	+	56551377	56564557	known	canonical	AGGTCGCTCAGG	CCTTCTCTCAGG	8	TCGCTCAG	0	0	True
PB.308.3	junction_22	chr1	-	135470067	135470479	known	canonical	ACCCCTCTCAGG	ACTCCTCTCAGG	8	CCTCTCAG	0	0	False
PB.912.2	junction_5	chr11	-	23491583	23492217	known	canonical	ACAAGCTGCAGG	CTGAGATGCAGG	8	AGCTGCAG	0	0	True
PB.2798.1	junction_7	chr16	-	55923041	55924968	known	canonical	TATCTTTGAAGG	TTTCTTTCAAGA	8	CTTTGAAG	0	0	True
PB.7695.1	junction_8	chrX	-	94205144	94209328	known	canonical	AAGTTAGTCAGG	TCAATCGTCAGG	8	TAGTCAGG	1	1	True
PB.7188.1	junction_6	chr9	+	38723543	38723845	known	canonical	CTTCTGCTCAGG	CTCCTACTCAGG	8	CTGCTCAG	0	0	True
PB.4837.1	junction_1	chr4	-	26326974	26327074	novel	non_canonical	CATTTCTCTATT	TGCTTTTCTATG	8	TTCTCTAT	0	0	True
PB.6769.1	junction_7	chr8	+	41287902	41288008	known	canonical	AAGACCAACAGG	TCTTCCAACAGA	8	ACCAACAG	0	0	True
PB.5468.1	junction_1	chr5	-	69575954	69577977	known	canonical	ATACTTTAAAGG	TTCCTTTTAAGG	8	CTTTAAAG	0	0	True
PB.4119.1	junction_5	chr2	+	130674271	130675628	known	canonical	GAAGCCTGAAGG	TGTGCCTGCAGG	8	GCCTGAAG	0	0	True
PB.473.1	junction_7	chr1	-	185295681	185296410	known	canonical	GTGGAGGAAAAG	TCTATGAAAAGG	8	AGGAAAAG	1	0	True
PB.6500.1	junction_10	chr7	+	110139708	110141955	known	canonical	CTTTTGCAGAAG	TATTTTTGTAGA	8	TTTGCAGA	-1	1	True
PB.2618.1	junction_3	chr16	+	5238735	5239055	known	canonical	TGGTGTGTCAGG	TCTCATGTCAGG	8	GTGTCAGG	1	1	True
PB.2326.1	junction_2	chr15	+	12118339	12136395	known	canonical	GCCCAGTATAGG	TCACACTATAGC	8	CAGTATAG	0	0	True
PB.4103.1	junction_5	chr2	-	127804971	127805279	known	canonical	GCATTTTGAAGG	TTGATTTGCAGG	8	TTTGAAGG	1	1	True
PB.3804.1	junction_21	chr2	+	30090412	30090522	known	canonical	CATTCTTCAGGG	ACCTTGTTCAGA	8	TTCTTCAG	-1	0	True
PB.1253.5	junction_1	chr11	+	95414168	95414217	novel	non_canonical	TGTGTGTGTGTG	GTGGTGTGTGTG	8	GTGTGTGT	0	0	False
PB.7482.1	junction_1	chr9	+	108560632	108561033	known	canonical	CTCACCTACAAG	CCCTCCTACAGT	8	CACCTACA	-1	-1	True
PB.5836.1	junction_2	chr6	-	35051560	35056210	novel	canonical	ATTCCCAACAGG	CTTCCCAACAGA	8	CCCAACAG	0	0	False
PB.1326.2	junction_21	chr11	-	102870247	102871019	known	canonical	GCCCCTCACAGG	TTTCCTCCCAGA	8	CCTCACAG	0	0	True
PB.6818.1	junction_2	chr8	-	70019875	70020419	known	canonical	CCTCCTGAGAGG	CCCATCCTCAGA	8	TCCTGAGA	-1	1	True
PB.22.1	junction_2	chr1	-	16231092	16345703	known	canonical	AAGGCTTTCAGG	TTCCCTTTTAGG	8	CTTTCAGG	1	1	True
PB.3943.1	junction_16	chr2	-	80530304	80533644	known	canonical	TTAGGTTACAGG	AACTGCTACAGG	8	GTTACAGG	1	1	True
PB.3943.1	junction_32	chr2	-	80581227	80581295	novel	non_canonical	GGGCGCCGGCGC	CGCCGCCGCCGC	8	CGCCGGCG	0	0	True
PB.937.1	junction_30	chr11	-	34514537	34687507	known	canonical	TTATTCTCACAG	TCTTCTCACAGG	8	TTCTCACA	0	-1	False
PB.5065.2	junction_12	chr4	-	118217190	118220492	known	canonical	CCAGACCCCAGG	ACCTCCCCCAGG	8	ACCCCAGG	1	1	True
PB.5224.1	junction_8	chr4	+	141464703	141464788	known	canonical	AAGACACACAGG	CTGACCCACAGC	8	ACACACAG	0	0	True
PB.3305.4	junction_1	chr18	-	35672445	35674317	novel	canonical	CTTAGTTCAAGG	GTGAGTTCAAGG	8	AGTTCAAG	0	0	False
PB.4695.3	junction_2	chr3	+	121725078	121732507	novel	non_canonical	ACACTGTACAGA	AAGCAGTACAGT	8	CTGTACAG	0	0	True
PB.5982.1	junction_2	chr6	-	88719670	88726530	known	canonical	CCATGGAGCAGG	TTTTGGTGCAGG	8	TGGAGCAG	0	0	True
PB.6804.2	junction_2	chr8	-	64720497	64722463	known	canonical	ACGAGTTTCAGG	TTGTGTTTTAGG	8	GTTTCAGG	1	1	True
PB.7521.1	junction_8	chr9	-	119074560	119074635	known	canonical	ACGCCTTCAAGG	GGGGCTTCTAGG	8	CTTCAAGG	1	1	True
PB.4067.1	junction_26	chr2	-	121270709	121271271	known	canonical	CGGGATGCCAGG	TTCCATTCCAGG	8	ATGCCAGG	1	1	True
PB.6432.3	junction_15	chr7	-	89348446	89404072	known	canonical	TTCTCTTTCAGG	CCCTCTTCCAGG	8	TCTTTCAG	0	0	True
PB.6656.1	junction_1	chr7	+	142472030	142472123	novel	non_canonical	GGAGGAGACAGG	AGAAGGGACAGG	8	GAGACAGG	1	1	True
PB.1414.3	junction_9	chr11	-	117773099	117773374	known	canonical	CCTTCTCAGAGG	TCTTCTCATAGA	8	TCTCAGAG	0	0	True
PB.5022.1	junction_2	chr4	-	108566954	108567422	known	canonical	TAAATCCCCAGG	TTCTTCCCTAGG	8	TCCCCAGG	1	1	True
PB.3881.1	junction_1	chr2	+	52072867	52073136	known	canonical	GGGCTGCACGCG	CCTCGCTGCAGG	8	GCTGCACG	-1	1	True
PB.3881.1	junction_11	chr2	+	52088766	52089523	known	canonical	GGGACATAAAGG	CTCTCTTAAAGG	8	CATAAAGG	1	1	True
PB.2677.1	junction_17	chr16	-	18810482	18811304	known	canonical	AGATCCTCCAGG	TCTCTCTCCAGG	8	CCTCCAGG	1	1	True
PB.1810.5	junction_1	chr13	-	34128220	34128486	novel	non_canonical	CCACTACACAGA	AGAGAACACAGA	8	TACACAGA	1	1	True
PB.5348.1	junction_14	chr5	+	24708861	24708988	known	canonical	TGACTCTGCAGG	TTTCACTGCAGG	8	CTCTGCAG	0	0	True
PB.5368.1	junction_2	chr5	+	30870789	30871419	known	canonical	CACTGAAAGCGG	TGCCCTGACAGC	8	CTGAAAGC	-1	1	True
PB.5368.2	junction_8	chr5	+	30874969	30875789	known	canonical	CTCTTTGCAGGG	TCCCTTTGCAGC	8	CTTTGCAG	-1	0	False
PB.1669.1	junction_7	chr12	+	85857463	85863563	known	canonical	TGATCAACAACG	TTACTCAACAGC	8	TCAACAAC	0	1	True
PB.3150.4	junction_1	chr17	-	64283524	64287023	novel	non_canonical	TCATAAGCCCTG	GAACATGCCCTG	8	AAGCCCTG	1	1	True
PB.253.1	junction_4	chr1	-	106779051	106779961	known	canonical	TCAAATGCAAGG	TTTTAATGCAGG	8	AATGCAAG	0	1	True
PB.4991.1	junction_10	chr4	+	99984104	99986674	known	canonical	AGGACCCCCAGG	GTTTCTCCCAGG	8	CCCCCAGG	1	1	True
PB.2956.2	junction_6	chr17	-	25269480	25274172	known	canonical	AGGGGTTTCAGG	TTCTGTTCCAGG	8	GTTTCAGG	1	1	True
PB.1458.1	junction_5	chr11	+	121429168	121429421	known	canonical	CTGCTCTGCAGG	CTTCCCTGCAGT	8	CTCTGCAG	0	0	True
PB.3914.2	junction_13	chr2	-	71315130	71323975	known	canonical	AGTTCCTCCAGG	TCTCCCTGCAGG	8	CCTCCAGG	1	1	True
PB.5578.1	junction_1	chr5	-	114670590	114674053	known	canonical	AGATCTTCAAGG	TGCCCCTCAAGG	8	CTTCAAGG	1	1	True
PB.1430.1	junction_28	chr11	+	119896550	119897413	known	canonical	ACCCACACTGGG	TCTCCACACAGC	8	CCACACTG	-1	0	True
PB.3715.1	junction_14	chr2	+	6027489	6029361	known	canonical	TATATTTTCAGG	TTTATTATCAGC	8	ATTTTCAG	0	0	True
PB.6557.1	junction_4	chr7	-	126371607	126371957	known	canonical	TGGCCACCTATG	CTGCCACCCAGA	8	GCCACCTA	-1	-1	True
PB.3612.1	junction_10	chr19	+	37587685	37587816	known	canonical	CAAATTGTAGGG	TGCCATTTTAGG	8	ATTGTAGG	0	1	True
PB.3612.1	junction_18	chr19	+	37609106	37639621	known	canonical	CCCATTTGCCTG	GTTTTGCCTAGG	8	TTTGCCTG	1	-1	True
PB.1189.1	junction_4	chr11	-	82881862	82882886	known	canonical	TAGCCCAGCAGG	CATTCCAACAGG	8	CCAGCAGG	1	1	True
PB.2528.1	junction_2	chr15	-	90935835	90937160	known	canonical	GTCTTCTTCAGG	CTTCTCTTCAGC	8	TTCTTCAG	0	0	True
PB.2528.1	junction_4	chr15	-	90939103	90940430	known	canonical	GACCTTAAAAGG	TCTCTTTAAAGG	8	CTTAAAAG	0	0	True
PB.3668.1	junction_8	chr19	+	53233924	53234778	known	canonical	GTGAGATCCAGG	ACTGGTTCCAGG	8	GATCCAGG	1	1	True
PB.4775.1	junction_6	chr3	-	152289143	152290459	known	canonical	AGGCTTTTCAGG	GTGTTTTTCAGC	8	CTTTTCAG	0	0	True
PB.5380.1	junction_2	chr5	-	31253645	31253814	known	canonical	CCTCATCACAGG	TTCTACCACAGG	8	ATCACAGG	1	1	True
PB.5380.1	junction_9	chr5	-	31256672	31256888	known	canonical	CTACCAAGCAGG	CTCCCAAACAGA	8	CCAAGCAG	0	0	True
PB.5380.1	junction_41	chr5	-	31284219	31285251	known	canonical	GAGAGTCACAGG	TTGTGTCTCAGG	8	GTCACAGG	1	1	True
PB.3789.1	junction_10	chr2	-	28578075	28579517	known	canonical	CAAATTCCAGGG	TGTCTTTCCAGG	8	ATTCCAGG	0	1	True
PB.2113.1	junction_5	chr14	+	32177374	32177822	known	canonical	CTCCTCTACAGG	TTTCTTTACAGA	8	CTCTACAG	0	0	True
PB.413.1	junction_4	chr1	-	171277805	171277881	known	canonical	TGCCTGTCCAGG	TTCTTCTCCAGG	8	TGTCCAGG	1	1	True
PB.5388.1	junction_30	chr5	+	32944139	32944922	known	canonical	GAAGACTTCAGG	CTTGACTTTAGC	8	GACTTCAG	0	0	True
PB.1450.1	junction_1	chr11	+	120784343	120785120	known	canonical	TTAACTTGCAGG	GTGTATTGCAGG	8	CTTGCAGG	1	1	True
PB.1036.1	junction_1	chr11	-	60906122	60906881	known	canonical	ACCTGGCCAAGG	TGCTGGCCCAGG	8	TGGCCAAG	0	0	True
PB.2281.1	junction_2	chr14	+	105287780	105292231	known	canonical	TACCACTTCAGG	CTTCTCTTCAGA	8	CACTTCAG	0	0	True
PB.1383.1	junction_3	chr11	-	114928624	114934208	known	canonical	CAGTTTTCCAGG	GTGTTTTTCAGG	8	TTTTCCAG	0	0	True
PB.4787.1	junction_1	chr3	-	158012204	158012309	known	canonical	AAGACGTCAAAG	CCTTGTCAAAGC	8	CGTCAAAG	1	0	True
PB.2668.2	junction_1	chr16	-	17842778	17843971	known	canonical	CGACCCTGCAGG	TTCCCTTGCAGA	8	CCCTGCAG	0	0	True
PB.350.3	junction_13	chr1	-	156446693	156474137	novel	canonical	GGTAACCTCAAG	TAAACCTCAAGG	8	AACCTCAA	0	-1	False
PB.1536.2	junction_8	chr12	+	44544896	44545378	known	canonical	GGTGATTTCAGG	GTTTATTTCAGT	8	GATTTCAG	0	0	True
PB.1020.1	junction_4	chr11	+	59755110	59764379	known	canonical	ATGTGCTGCAGG	CCATTCTGCAGG	8	TGCTGCAG	0	0	True
PB.5149.1	junction_8	chr4	+	132551611	132553016	known	canonical	AAAACTTTGAGG	CTTTCTTTCAGG	8	CTTTGAGG	1	1	True
PB.5280.1	junction_12	chr4	+	155128966	155142401	known	canonical	GGCACCAACAGG	GCTCCCCACAGG	8	CCAACAGG	1	1	True
PB.2953.1	junction_16	chr17	-	25110330	25110706	known	canonical	GCTGCTCCCAGG	CTGCCTCCCAGG	8	CTCCCAGG	1	1	False
PB.7490.1	junction_11	chr9	+	108858509	108858823	known	canonical	ACCTGCCCAAGG	TCCTGCCCCAGG	8	TGCCCAAG	0	0	True
PB.5951.1	junction_10	chr6	-	85289232	85289761	known	canonical	AAATCAAACAGG	CCTACAACCAGG	8	CAAACAGG	1	1	True
PB.1763.1	junction_3	chr13	+	8887578	8887922	known	canonical	TACCTTTCCAGG	CTCTTTCCCAGG	8	TTTCCAGG	1	1	True
PB.1616.2	junction_1	chr12	+	76404849	76405670	novel	canonical	CCAAAGTGCAGG	CCGCTGTGCAGG	8	AGTGCAGG	1	1	True
PB.3042.1	junction_6	chr17	-	34625932	34626458	known	canonical	CTACTCCCAGGG	TCTGCTTCCAGG	8	CTCCCAGG	0	1	True
PB.5649.7	junction_1	chr5	-	125386166	125386393	novel	non_canonical	ACCATCACCCTG	ACCATCACCCTG	8	ATCACCCT	0	0	False
PB.5649.7	junction_2	chr5	-	125387279	125387506	novel	non_canonical	GACACCATTGAG	GACACCATTGAG	8	ACCATTGA	0	0	False
PB.5649.6	junction_1	chr5	-	125386608	125387519	novel	non_canonical	GGTCGAGCCCAG	GGTCGAGCCCAG	8	CGAGCCCA	0	0	False
PB.5649.4	junction_1	chr5	-	125386443	125387126	novel	canonical	TCGCCTCAGAGG	TCGCCTCAGAGG	8	CCTCAGAG	0	0	False
PB.4437.1	junction_5	chr3	-	52992923	52993439	known	canonical	ACTTTGTGCAGG	GTCATTTGCAGG	8	TGTGCAGG	1	1	True
PB.5649.1	junction_1	chr5	-	125386380	125387519	novel	non_canonical	GGTCGAGCCCAG	GGTCGAGCCCAG	8	CGAGCCCA	0	0	False
PB.6135.1	junction_11	chr6	+	137426801	137430671	known	canonical	AAACTAACAAAG	GTTTCACAAAGC	8	TAACAAAG	1	0	True
PB.2546.1	junction_1	chr15	+	97784617	97789902	known	canonical	GGGTCTCGCAGG	TGTCCCCGCAGG	8	CTCGCAGG	1	1	True
PB.7649.1	junction_3	chrX	-	70353271	70358266	known	canonical	AGGATTTTCAGG	TTCATTTGCAGC	8	ATTTTCAG	0	0	True
PB.1226.1	junction_13	chr11	+	87178029	87182420	known	canonical	GTGATTTTAAGG	TATTCTTTAAGG	8	TTTTAAGG	1	1	True
PB.1226.1	junction_20	chr11	+	87206056	87206763	known	canonical	TCTGGCTGAAGG	CTTTCCTGAAGG	8	GCTGAAGG	1	1	True
PB.6949.1	junction_8	chr8	+	105241140	105246420	known	canonical	GCTCGCTGCAGG	CTTGTCTGCAGG	8	GCTGCAGG	1	1	True
PB.4468.1	junction_10	chr3	+	67451401	67453669	known	canonical	ACCTTTCTATGG	ATATTTTCTAGG	8	TTTCTATG	0	1	True
PB.2204.4	junction_5	chr14	+	63136483	63142605	novel	non_canonical	GGAGGTGTCTGC	TGTAGTGCCTGC	8	GTGTCTGC	1	1	True
PB.1452.1	junction_7	chr11	-	120810050	120810129	known	canonical	TGGCCTCCCAGG	CTTGCTCACAGG	8	CTCCCAGG	1	1	True
PB.84.1	junction_16	chr1	+	45818876	45819532	novel	non_canonical	CCCTTACTCAGA	TGTATATTCAGA	8	TACTCAGA	1	1	True
PB.2607.1	junction_3	chr16	-	4628276	4628675	known	canonical	CATGACCCCAGG	CTTTACCCCAGT	8	GACCCCAG	0	0	True
PB.5629.1	junction_3	chr5	-	123533996	123535213	known	canonical	AGATCCTCCAGG	TTCTCCTTCAGA	8	TCCTCCAG	0	0	True
PB.5629.1	junction_6	chr5	-	123547129	123558613	known	canonical	CAGCGTTCGAGG	TTCTGTTCCAGG	8	GTTCGAGG	1	1	True
PB.5621.1	junction_2	chr5	+	122652896	122654160	known	canonical	TCCCTTTGCAGG	TCTCTCTGCAGG	8	CTTTGCAG	0	0	True
PB.5910.1	junction_3	chr6	-	71131774	71131874	known	canonical	TGGACATTCAGG	TCACCATTCAGG	8	CATTCAGG	1	1	False
PB.2778.3	junction_1	chr16	+	43348819	43363109	novel	non_canonical	TATTTTTTCACT	ACTCATTTCACT	8	TTTTCACT	1	1	True
PB.4703.1	junction_7	chr3	+	123299669	123305792	known	canonical	TCAAGACCAAGG	GAATGACCCAGG	8	GACCAAGG	1	1	True
PB.4703.1	junction_10	chr3	+	123330440	123336485	known	canonical	ATTACTGCAGAG	CTTCCCTGCAGA	8	ACTGCAGA	0	1	True
PB.7126.1	junction_2	chr9	-	21275368	21275436	known	canonical	TGCATGTACAGG	CTGGTGCACAGG	8	TGTACAGG	1	1	True
PB.6307.10	junction_1	chr7	-	44959428	44960109	novel	non_canonical	TGCAGCAGACAC	GGCGCAGACAGG	8	AGCAGACA	0	-1	True
PB.3819.1	junction_11	chr2	+	31010614	31010978	known	canonical	CCAGACCCCAGG	CTTGTCCCCAGA	8	GACCCCAG	0	0	True
PB.1103.1	junction_5	chr11	+	72046394	72046686	known	canonical	GCATCCTACAGG	CTGTCTTACAGG	8	TCCTACAG	0	0	True
PB.7291.25	junction_1	chr9	+	59656631	59665237	novel	non_canonical	TATCGCAGCAGG	CAGTGAAGCAGG	8	GCAGCAGG	1	1	True
PB.7291.29	junction_1	chr9	+	59656631	59670606	novel	non_canonical	TATCGCAGCAGG	GGGTGGAGCAGG	8	GCAGCAGG	1	1	True
PB.3771.1	junction_3	chr2	-	26462490	26463709	known	canonical	GTGTCTTCCAGG	CTGCCTTCCAGA	8	TCTTCCAG	0	0	True
PB.3743.1	junction_8	chr2	-	23140606	23145363	known	canonical	TTTGAATAGAGG	TGCATGTATAGA	8	TGAATAGA	-1	1	True
PB.5554.1	junction_4	chr5	+	110124446	110127246	known	canonical	AAACTTTTTAGG	TTTCTTTTTAGA	8	CTTTTTAG	0	0	False
PB.2105.1	junction_1	chr14	+	31251655	31251749	known	canonical	GAGTGACCCAGG	GTCCCACCCAGG	8	GACCCAGG	1	1	True
PB.2105.1	junction_8	chr14	+	31254640	31255085	known	canonical	GCTACTGCAGGG	TGTGATTGCAGG	8	ACTGCAGG	0	1	True
PB.2105.2	junction_17	chr14	+	31258724	31259589	novel	non_canonical	GGCCAACCTAGT	CCTCGACCTAGC	8	CAACCTAG	0	0	True
PB.879.1	junction_5	chr11	+	6590889	6593066	known	canonical	GCTGCACAGTGG	CTTTTGCACAGA	8	TGCACAGT	-1	1	True
PB.1396.1	junction_2	chr11	+	115792063	115792316	known	canonical	CCGGCTCATAGG	CTTGTTCATAGG	8	GCTCATAG	0	0	True
PB.6822.1	junction_5	chr8	+	70145891	70147089	known	canonical	TCCCCACCCAGG	CTGTCTCCCAGG	8	CACCCAGG	1	1	True
PB.1502.1	junction_1	chr12	-	27338420	27338503	novel	non_canonical	TTAAATCCCAGT	ACCATTCCCAGT	8	AATCCCAG	0	0	True
PB.3626.1	junction_1	chr19	-	41863313	41865171	known	canonical	CTCAACCGCAGG	TCTTCCCGCAGG	8	ACCGCAGG	1	1	True
PB.6226.1	junction_2	chr7	-	24203497	24207057	known	canonical	CCAAGTTACAGG	TGCCGTCACAGG	8	GTTACAGG	1	1	True
PB.3604.1	junction_1	chr19	+	36722150	36731738	novel	canonical	GTTTTTTTTACA	GGGTCTTTTACC	8	TTTTTTAC	0	0	True
PB.5158.5	junction_1	chr4	+	133100338	133100641	known	canonical	TCATCTCCCAGG	CTCTCTCCAAGC	8	TCTCCCAG	0	0	True
PB.4580.1	junction_6	chr3	+	95470391	95474538	known	canonical	TCACTGATCAGG	TTCTTGACCAGG	8	TGATCAGG	1	1	True
PB.1815.1	junction_5	chr13	-	34987569	34988282	known	canonical	TGTTTTCACAGG	ACCATTCCCAGG	8	TTCACAGG	1	1	True
PB.3485.3	junction_1	chr19	+	5638149	5638431	known	canonical	TTCCTTTCCGTG	TTCCCTTTCAGA	8	CCTTTCCG	-1	0	True
PB.198.1	junction_9	chr1	-	84762030	84762118	known	canonical	AACATGAGGAGG	TATTCATGAAGA	8	CATGAGGA	-1	1	True
PB.4278.2	junction_7	chr2	-	165282145	165282782	known	canonical	GGCCCCCACAGG	TGTCCCCACAGC	8	CCCCACAG	0	0	False
PB.3471.1	junction_6	chr19	-	4915082	4916278	known	canonical	TCTTTGTACAGG	TTCTTCTACAGG	8	TTGTACAG	0	0	True
PB.2589.10	junction_1	chr15	+	102484146	102496091	novel	non_canonical	TTTGTTTTTTTC	TTTTTTTTTTTT	8	GTTTTTTT	0	0	True
PB.4727.2	junction_1	chr3	+	135438333	135438670	novel	canonical	GTTCTCGCGAGA	GCGCTCGCGACG	8	CTCGCGAG	0	0	True
PB.1742.1	junction_3	chr12	-	113422305	113422415	known	canonical	GCCCATTCCAGG	TTTCATTCCAGC	8	CATTCCAG	0	0	False
PB.60.1	junction_11	chr1	+	37114600	37115657	known	canonical	AGTTCATACAGG	TCTTCTTACAGG	8	TCATACAG	0	0	True
PB.2696.1	junction_20	chr16	+	21478484	21495879	known	canonical	AACACTTTCAGG	TTCTCTTCCAGG	8	CTTTCAGG	1	1	True
PB.6781.3	junction_4	chr8	-	46210946	46211010	novel	non_canonical	GCGTCGTGCAGG	GCTCCTTGCAGG	8	CGTGCAGG	1	1	True
PB.4011.1	junction_19	chr2	+	104664358	104664716	known	canonical	GATACCAAACAG	CATCCCAACAGC	8	CCAAACAG	1	0	True
PB.1937.3	junction_4	chr13	-	74327307	74344874	novel	canonical	AGAACAAGAAGG	ATTGCAAGAAGG	8	CAAGAAGG	1	1	False
PB.3250.1	junction_1	chr18	+	12955990	12974712	novel	canonical	AGGTTTCAGAGG	TCAACTTTCAGA	8	GTTTCAGA	-1	1	True
PB.2645.1	junction_3	chr16	+	14089020	14093888	known	canonical	CGCCATCCCAGG	CTCCCTCCCAGA	8	CATCCCAG	0	0	True
PB.5006.1	junction_3	chr4	-	106665739	106667495	known	canonical	AGAATCTGGAGG	TTAATCTGCAGG	8	ATCTGGAG	0	0	True
PB.4836.1	junction_6	chr4	-	25254690	25254770	known	canonical	ATATTTTGCAGG	TTCTTTTCCAGA	8	TTTTGCAG	0	0	True
PB.4836.1	junction_19	chr4	-	25280769	25281675	known	canonical	TCCACGCAAAGG	GCTTCGCACAGG	8	CGCAAAGG	1	1	True
PB.1768.2	junction_9	chr13	-	12200279	12212387	novel	canonical	AACAATTTCAGG	CTGACTTTCAGA	8	AATTTCAG	0	0	True
PB.5731.2	junction_2	chr5	-	143320476	143321754	known	canonical	AGTGCACTGCAG	TTTCTCTGCAGG	8	CACTGCAG	1	0	True
PB.4223.1	junction_2	chr2	-	156125371	156126318	known	canonical	TCCTCTATCAGG	TGTTCTCTCAGG	8	TCTATCAG	0	0	True
PB.7022.1	junction_4	chr8	-	119567992	119575091	known	canonical	TCTCGCTGCAGG	TGTCCCTGCAGG	8	CGCTGCAG	0	0	True
PB.6168.2	junction_2	chr6	+	149310378	149317634	known	canonical	TGTATTTACAGG	TTTCTTGACAGG	8	TTTACAGG	1	1	True
PB.6991.1	junction_1	chr8	-	110742449	110742643	known	canonical	CTGTTCTTGCTG	GTTTCTTGCAGG	8	TTCTTGCT	0	-1	True
PB.2871.1	junction_8	chr17	-	6948244	6948460	novel	non_canonical	CAGCGCGCCCGA	CGTCCCGCCCGC	8	CGCGCCCG	0	0	True
PB.472.1	junction_19	chr1	+	185258558	185286045	novel	canonical	AAAACTACTACA	AAGCCTGCTACA	8	CTACTACA	1	1	True
PB.6340.1	junction_15	chr7	+	48822728	48824633	known	canonical	AACTCTTTCAGG	ATCTTTTTCAGA	8	TCTTTCAG	0	0	True
PB.1276.3	junction_8	chr11	+	98377121	98377449	known	canonical	TCTCTGCCCAGG	CCCCTGCCCAGG	8	CTGCCCAG	0	0	False
PB.3306.2	junction_4	chr18	-	35738790	35739039	known	canonical	TGGGCCTTCAGG	GCTGTCTTCAGA	8	GCCTTCAG	0	0	True
PB.2655.1	junction_2	chr16	+	16878017	16878956	known	canonical	CCTCTCCCGAGG	TGCCTCCCTAGG	8	CTCCCGAG	0	0	True
PB.2655.1	junction_12	chr16	+	16887724	16887831	known	canonical	TATTTCTCCAGG	TATCTCTCTAGG	8	TCTCCAGG	1	1	True
PB.7401.2	junction_1	chr9	-	95400639	95400727	novel	canonical	CACACACACACA	CACACACACACA	8	ACACACAC	0	0	False
PB.6860.4	junction_1	chr8	-	78506135	78506252	novel	canonical	ACCACCACGAAG	CCACCACGAAGG	8	ACCACGAA	0	-1	False
PB.2562.2	junction_2	chr15	+	99401637	99408504	novel	non_canonical	AAGATCAACTTT	AGTGACCAACTG	8	GATCAACT	-1	0	True
PB.6467.2	junction_5	chr7	+	100831471	100834008	known	canonical	TGTATGCCCAGG	TCTCTTCCCAGG	8	TGCCCAGG	1	1	True
PB.7045.1	junction_28	chr8	-	123298006	123300009	known	canonical	GGTACATGCAGG	CTCTCTTGCAGG	8	CATGCAGG	1	1	True
PB.4137.1	junction_12	chr2	-	132547720	132550313	known	canonical	ACTTTTTTGAGG	TTTTTTTTTAGG	8	TTTTTGAG	0	0	True
PB.2356.1	junction_1	chr15	-	37000924	37001838	known	canonical	GTTGTTTACAGG	ATGTCTTACAGG	8	TTTACAGG	1	1	True
PB.5898.1	junction_20	chr6	+	57660162	57662065	known	canonical	GAAACCAACAAG	CTTCCATCAAGG	8	CCAACAAG	1	0	True
PB.2137.1	junction_23	chr14	+	47704278	47704419	known	canonical	AAACTGTCCAGG	TCATTGTCAAGG	8	TGTCCAGG	1	1	True
PB.6773.1	junction_6	chr8	-	45317794	45320090	known	canonical	ACAGTGTATAGG	CCCATTTATAGG	8	TGTATAGG	1	1	True
PB.5913.1	junction_21	chr6	-	71621448	71624592	known	canonical	AACCTATACAGG	TGATTTTACAGG	8	TATACAGG	1	1	True
PB.3548.1	junction_2	chr19	-	12473320	12478125	known	canonical	CTGGCATTCAGG	TCTGCTTTCAGG	8	GCATTCAG	0	0	True
PB.3052.2	junction_1	chr17	+	35241810	35244156	novel	non_canonical	CAGCTTCCCGCC	GTGCATCCCGCA	8	CTTCCCGC	0	0	True
PB.1320.1	junction_4	chr11	-	102404141	102404451	known	canonical	CCCCTTCTCAGG	TCCTTCTCAAGC	8	CTTCTCAG	0	-1	True
PB.6502.1	junction_5	chr7	-	110314065	110314972	known	canonical	GACTTTTCAGTG	TTTCTTTGCAGG	8	CTTTTCAG	-1	0	True
PB.3532.1	junction_8	chr19	-	10082691	10088701	known	canonical	GCCACTTAAAGG	TCCCCTTACAGG	8	CTTAAAGG	1	1	True
PB.3833.4	junction_8	chr2	+	32371114	32371248	known	canonical	TAGAGCCACAGG	CACATCCACAGG	8	AGCCACAG	0	0	True
PB.5099.1	junction_5	chr4	+	125103032	125108322	known	canonical	AACCGGCACAGG	TTTTGCCACAGG	8	GGCACAGG	1	1	True
PB.2015.1	junction_1	chr13	+	104178799	104178934	novel	canonical	GAGGGCGGCATG	GTGGGCGGCAGG	8	GGGCGGCA	-1	-1	False
PB.307.1	junction_1	chr1	-	135385478	135385926	known	canonical	TTGATCTGCAGG	TCTTCCTGCAGG	8	TCTGCAGG	1	1	True
PB.5612.2	junction_4	chr5	-	121572182	121572675	known	canonical	AGGGGCCTCAGG	CTCTCCCTCAGG	8	GCCTCAGG	1	1	True
PB.5234.2	junction_3	chr4	-	147878746	147888698	novel	canonical	CGAGCAGTTGCA	TCATCAGTTACA	8	CAGTTGCA	1	1	True
PB.5234.1	junction_4	chr4	-	147880098	147882016	known	canonical	ACAGTGATCAGG	TTTCTCATCAGG	8	TGATCAGG	1	1	True
PB.1334.1	junction_1	chr11	-	103677300	103678422	novel	non_canonical	CTCTCAAGTTCT	CTCCCTCAAATT	8	CTCAAGTT	-1	1	True
PB.1334.1	junction_5	chr11	-	103687634	103689254	known	canonical	GTCTGTGCACTG	CTTTTGTGCAGT	8	TGTGCACT	0	1	True
PB.5242.2	junction_1	chr4	-	148240889	148258747	novel	non_canonical	TGCGGCCCTGGG	GGTCTCCCTGGG	8	GCCCTGGG	1	1	True
PB.5242.2	junction_4	chr4	-	148260615	148261063	known	canonical	CTCCTGCTCAGG	GCCCTGCCCAGT	8	CTGCTCAG	0	0	True
PB.7102.2	junction_3	chr9	-	15265470	15267413	known	canonical	CAGATCTGCAAG	TGTGTCTGCAGG	8	TCTGCAAG	1	1	True
PB.7070.4	junction_4	chr8	-	129233943	129234346	novel	non_canonical	GATTGGGTGCTG	TGTTGGGTGCTT	8	TGGGTGCT	0	0	False
PB.2198.1	junction_14	chr14	-	61391578	61391755	known	canonical	ATTTTAAAGCAG	TTCTTTTTAAGC	8	TTTAAAGC	-1	1	True
PB.3316.2	junction_6	chr18	-	36770818	36776281	novel	non_canonical	CGAGAGACTATA	TCGGGGACTATG	8	GAGACTAT	0	0	True
PB.7205.1	junction_7	chr9	+	44382024	44382452	known	canonical	CCACTGCACAGG	TGTCTCCACAGA	8	CTGCACAG	0	0	True
PB.2897.1	junction_2	chr17	+	15503129	15504273	known	canonical	CCTCCCCACAGG	GCTTTCCACAGG	8	CCCACAGG	1	1	True
PB.3297.1	junction_8	chr18	-	34943286	34945943	known	canonical	CATCTGTGCAGG	TTCCTGTGCAGA	8	CTGTGCAG	0	0	False
PB.3297.1	junction_16	chr18	-	34952736	34954169	known	canonical	CCCGTCCCCAGG	TTTCCCCCCAGG	8	TCCCCAGG	1	1	True
PB.379.1	junction_6	chr1	-	163960673	163961963	known	canonical	ACGTTGAACAAG	TCTTGTTGAAGA	8	GTTGAACA	-1	1	True
PB.379.1	junction_20	chr1	-	163987028	163987605	known	canonical	ACATTTTACAAG	CTGATTTACAGG	8	TTTACAAG	1	1	True
PB.3986.1	junction_3	chr2	-	93420756	93421826	known	canonical	TGCAGGCGCAGG	CCACTGCGCAGG	8	GGCGCAGG	1	1	True
PB.5285.3	junction_16	chr4	+	155648834	155649011	known	canonical	AGATTTTCAAGG	CTGTTTTTCAGG	8	TTTTCAAG	0	1	True
PB.7799.1	junction_2	chrX	+	152022935	152023038	known	canonical	AGTCATTGTAGG	TTGCCTTGTAGG	8	CATTGTAG	0	0	True
PB.6785.1	junction_1	chr8	-	47490919	47493238	known	canonical	TTTTTGTGAAGG	CTGTTGTAAAGC	8	TTGTGAAG	0	0	True
PB.1911.1	junction_1	chr13	+	67173176	67176447	novel	canonical	TCTGAGTTCAGG	CTTTATTTCAGG	8	AGTTCAGG	1	1	True
PB.3580.1	junction_1	chr19	-	27390314	27394237	known	canonical	ATTCTTTCCAGG	CCTCCTTCCAGC	8	CTTTCCAG	0	0	True
PB.4673.1	junction_24	chr3	+	109658010	109664303	known	canonical	AAAGCTTAATGG	CTCTCTTAAAGG	8	CTTAATGG	1	1	True
PB.1442.3	junction_3	chr11	-	120580051	120580181	novel	canonical	TGTCTCTGCAGG	TCACTCTGCAGA	8	CTCTGCAG	0	0	False
PB.6322.1	junction_3	chr7	+	45576003	45584916	known	canonical	ACTCTCTGCAGG	TGTCCCTGCAGC	8	CTCTGCAG	0	0	True
PB.1988.1	junction_17	chr13	-	98763763	98764504	known	canonical	TGCAGTTGAAGG	TTATGTTAAAGG	8	GTTGAAGG	1	1	True
PB.1988.1	junction_25	chr13	-	98806398	98815075	known	canonical	AGAATTTCTGGG	TTGAATTTCAGG	8	ATTTCTGG	0	1	True
PB.6318.1	junction_2	chr7	-	45458661	45459083	known	canonical	AGGATGTGCAGG	CTTGTGTGCAGA	8	ATGTGCAG	0	0	True
PB.5441.1	junction_9	chr5	-	51494806	51495669	known	canonical	CCATTGTTAAGG	TTGTTTTTAAGA	8	TTGTTAAG	0	0	True
PB.5441.1	junction_10	chr5	-	51495796	51498033	known	canonical	AGCCGTCTCTAG	TATGTGTCTAGC	8	GTCTCTAG	1	0	True
PB.156.2	junction_9	chr1	+	74263844	74264352	known	canonical	AGTGCTCTAAGG	TTTGCTCTTAGG	8	GCTCTAAG	0	0	True
PB.3143.1	junction_2	chr17	-	57086103	57086230	known	canonical	TGAGGCCACAGG	CATCCCCACAGG	8	GCCACAGG	1	1	True
PB.5263.1	junction_1	chr4	-	150574533	150578512	novel	canonical	TTTTTTTTAAAG	TTTCTTTAAAGC	8	TTTTTAAA	0	-1	True
PB.6225.2	junction_1	chr7	+	24176167	24177749	known	canonical	CCAAGTTACAGG	TGCCGTCACAGG	8	GTTACAGG	1	1	True
PB.1505.3	junction_11	chr12	-	28746884	28747121	novel	non_canonical	GACACTCCCAGA	CTCCCTCCCAGC	8	ACTCCCAG	0	0	True
PB.1419.1	junction_7	chr11	+	118014723	118019606	known	canonical	AGCTTCATCAGG	TCTCTCCTCAGG	8	TCATCAGG	1	1	True
PB.5647.1	junction_10	chr5	-	125303224	125304194	known	canonical	TATGTCTACAGG	CCTTTTTACAGG	8	TCTACAGG	1	1	True
PB.921.1	junction_4	chr11	+	29424831	29429332	known	canonical	GTGCAGTTCAGG	CCTCATTTCAGT	8	CAGTTCAG	0	0	True
PB.2760.2	junction_8	chr16	+	37828776	37829113	novel	canonical	AGCTTCCAAGAG	TGGTCCAACAGA	8	TCCAAGAG	1	0	True
PB.2760.2	junction_9	chr16	+	37829120	37829121	novel	non_canonical	AACAGAGTGTGC	CAGAGTGTGCCC	8	GAGTGTGC	1	-1	False
PB.6699.7	junction_10	chr8	+	13313957	13318842	known	canonical	CGCATCCATAGG	GTCCTCCACAGG	8	TCCATAGG	1	1	True
PB.5297.1	junction_12	chr4	+	156244142	156245166	known	canonical	CTGTTCTACAGG	CCTTTCTGCAGC	8	TTCTACAG	0	0	True
PB.3049.1	junction_3	chr17	+	35052907	35053032	known	canonical	TGCCCTCCCAGG	CTGCCTTCCAGG	8	CCTCCCAG	0	0	True
PB.1719.1	junction_32	chr12	+	110666127	110666293	known	canonical	TGGAGTCACAGG	TCTCCTCACAGG	8	GTCACAGG	1	1	True
PB.5669.1	junction_1	chr5	-	134238893	134239496	known	canonical	GGCTCTCCAGGG	TCTCTCTGCAGT	8	CTCTCCAG	-1	0	True
PB.7569.1	junction_4	chrX	-	8072469	8074115	known	canonical	GGCGACTCTAGG	TCTCATTCTAGG	8	ACTCTAGG	1	1	True
PB.7441.1	junction_5	chr9	-	106238823	106239531	known	canonical	GATGATGCCAGG	TCTCATGTCAGG	8	ATGCCAGG	1	1	True
PB.1639.1	junction_1	chr12	+	81631129	81631530	novel	canonical	ACCACGGCCAGG	AGCGGGGCCAGG	8	CGGCCAGG	1	1	True
PB.4398.1	junction_8	chr3	-	32598165	32602044	known	canonical	ATCAGATCCAGG	CTTTGCTCCAGG	8	GATCCAGG	1	1	True
PB.2030.4	junction_24	chr13	-	112918631	112920359	known	canonical	GCACACATGAGG	TTTGACATCAGG	8	ACATGAGG	1	1	True
PB.3642.1	junction_3	chr19	-	44040837	44047634	known	canonical	GGCTGTTATAGG	TGTTATTATAGA	8	TGTTATAG	0	0	True
PB.2614.1	junction_7	chr16	-	4946180	4947264	known	canonical	CAGGACCCCAGG	TTCTACCCCAGG	8	ACCCCAGG	1	1	False
PB.6463.1	junction_6	chr7	+	100498450	100498735	known	canonical	CCTCATGACAGG	CTTCATGGCAGA	8	CATGACAG	0	0	True
PB.7570.2	junction_2	chrX	-	8126200	8127810	known	canonical	CTACTCTACAGG	TTTCTCTTCAGA	8	CTCTACAG	0	0	True
PB.7722.1	junction_9	chrX	-	102541242	102541371	known	canonical	CCCTTACACAGG	TCTTTACACAGG	8	TTACACAG	0	0	False
PB.7722.1	junction_29	chrX	-	102625671	102636542	known	canonical	GACTGCCTCAGG	TTTTCCCTCAGG	8	TGCCTCAG	0	0	True
PB.1116.1	junction_13	chr11	+	74663889	74664030	known	canonical	CTTCTCCCCAGG	TACCTTCCCAGG	8	CTCCCCAG	0	0	True
PB.6992.1	junction_12	chr8	+	110868368	110874145	known	canonical	TGTCCTTCCTGG	TCATCTTCCAGG	8	CTTCCTGG	1	1	True
PB.6992.1	junction_14	chr8	+	110879123	110879632	known	canonical	ACCTCTTGCAGG	TCCTGTTGCAGG	8	TCTTGCAG	0	0	True
PB.2616.2	junction_2	chr16	-	5018414	5029355	novel	canonical	TGTGAATGGCAG	TCCCATGGCAGC	8	AATGGCAG	1	0	True
PB.457.1	junction_13	chr1	+	180962485	180962998	known	canonical	GACATCTGCTGG	TGTCTCTGCAGG	8	TCTGCTGG	1	1	True
PB.5709.2	junction_1	chr5	-	139018423	139018719	novel	non_canonical	CTGGGCCCCTGC	GGCTCCCCCTGC	8	GCCCCTGC	1	1	True
PB.5980.4	junction_1	chr6	-	88503887	88506748	novel	non_canonical	AGGTTCTTCTGC	CCCCTCCTCTGC	8	TCTTCTGC	1	1	True
PB.6078.8	junction_19	chr6	+	121660026	121660869	novel	non_canonical	GCCTCTCTCCTG	AGGCCTCTCCTG	8	CTCTCCTG	1	1	False
PB.4707.1	junction_12	chr3	+	126798281	126801723	known	canonical	AAATTTTTCAGG	TCATTTTGCAGC	8	TTTTTCAG	0	0	True
PB.4252.1	junction_14	chr2	+	158836696	158840550	known	canonical	TGCTCTCGGAGG	TCTGCTCGCAGG	8	CTCGGAGG	1	1	True
PB.7672.4	junction_3	chrX	+	74302022	74302361	known	canonical	GCCCTTCTAGAG	TGTTTCTACAGG	8	TTCTAGAG	1	0	True
PB.2591.1	junction_3	chr15	-	102540938	102546404	known	canonical	CCCAGCCACAGG	CTGGGCAACAGG	8	GCCACAGG	1	1	True
PB.7448.1	junction_1	chr9	-	106659308	106662359	known	canonical	GGATGGCACAGG	CCTGGCCACAGG	8	GGCACAGG	1	1	True
PB.6971.1	junction_11	chr8	+	106912349	106913347	known	canonical	GCCTCCAAAGAG	TTTATCCAAAGG	8	TCCAAAGA	0	1	True
PB.3088.1	junction_8	chr17	-	45413271	45415552	known	canonical	GGATTCTACAGG	TGTATCTCCAGG	8	TCTACAGG	1	1	True
PB.3645.5	junction_6	chr19	+	44304982	44305434	novel	canonical	CACTCTCTTCAG	TTACCCTTCAGC	8	CTCTTCAG	1	0	True
PB.7573.1	junction_7	chrX	-	8201570	8203158	known	canonical	CTCCTTCGCAAG	GCCCTTCACAGG	8	CCTTCGCA	-1	-1	True
PB.3645.6	junction_6	chr19	+	44304991	44305785	novel	non_canonical	CAGCTCTAAAGA	ACACGCTAAAGT	8	CTCTAAAG	0	0	True
PB.3744.4	junction_9	chr2	+	23181109	23183212	known	canonical	ATGTTAAAGGGG	GACTGTTTAAGG	8	GTTAAAGG	-1	1	True
PB.7054.1	junction_14	chr8	-	123922513	123927129	known	canonical	CAGTACTGCAGG	GTTCACGGCAGG	8	ACTGCAGG	1	1	True
PB.1871.3	junction_1	chr13	+	54621904	54638249	known	canonical	TGCAGTTTCAGG	CTTCCTTTCAGG	8	GTTTCAGG	1	1	True
PB.7235.1	junction_9	chr9	-	50650888	50658213	novel	non_canonical	TGTTCCTGAAGG	GGTCCCTGAAGG	8	CCTGAAGG	1	1	False
PB.7512.1	junction_6	chr9	+	113966586	113969325	known	canonical	TAATTTTTCAGG	CTATTTTCCAGG	8	TTTTTCAG	0	0	True
PB.1124.3	junction_2	chr11	+	75349815	75387410	known	canonical	TCCCTTCTTCAG	TTGTTTTTCAGG	8	TTCTTCAG	1	0	True
PB.2104.1	junction_1	chr14	-	31184398	31184941	known	canonical	CTCCAACCAAGG	TCTGAACCCAGG	8	AACCAAGG	1	1	True
PB.7662.3	junction_7	chrX	-	73781213	73781676	known	canonical	GGCCCTGAAGGG	TTGTCCTGTAGG	8	CCTGAAGG	0	1	True
PB.6990.1	junction_1	chr8	+	110218087	110221039	known	canonical	CCGGCTTCTCGG	TGTCTTCTCAGA	8	CTTCTCGG	1	0	True
PB.2250.1	junction_1	chr14	+	75176934	75198076	known	canonical	TTCTCTACCAGG	TCTTCTCCCAGG	8	TCTACCAG	0	0	True
PB.2250.1	junction_11	chr14	+	75214564	75215108	known	canonical	CACTTGTACAGG	GTTTTGTTCAGC	8	TTGTACAG	0	0	True
PB.454.1	junction_1	chr1	-	180803206	180810116	known	canonical	GTGCTTTGCAGG	TATTGTTGCAGG	8	TTTGCAGG	1	1	True
PB.6227.1	junction_3	chr7	+	24271671	24273247	known	canonical	CCAAGTTACAGG	TGCCGTCACAGG	8	GTTACAGG	1	1	True
PB.3584.1	junction_7	chr19	+	29130807	29134399	known	canonical	AGATCTACAGGG	TGTGTTTACAGG	8	TCTACAGG	0	1	True
PB.6509.1	junction_1	chr7	-	111472084	111485034	known	canonical	AGTTCTCCCAGG	CTGGCTCCTAGG	8	CTCCCAGG	1	1	True
PB.6509.1	junction_2	chr7	-	111485200	111508052	known	canonical	TGACACCCCAGG	CCCCCCCCCAGA	8	CACCCCAG	0	0	True
PB.6615.4	junction_2	chr7	+	134753435	134756813	known	canonical	CCCTTCCAGGCG	ATGCCCTCCAGG	8	CTTCCAGG	-1	1	True
PB.1065.1	junction_10	chr11	+	68800920	68801576	known	canonical	AGGACACACAGG	TAACCACACAGG	8	CACACAGG	1	1	False
PB.1065.1	junction_15	chr11	+	68807287	68808792	known	canonical	GCAAACTTCAGG	TTTAACCTCAGG	8	AACTTCAG	0	0	True
PB.4587.2	junction_13	chr3	-	95750766	95750866	known	canonical	AGCTCTTCAAGG	CCTTCTTCCAGG	8	TCTTCAAG	0	0	True
PB.5849.2	junction_12	chr6	-	39360043	39364502	known	canonical	TGCCTGCAGAGG	TCGTTCTGCAGA	8	CCTGCAGA	-1	1	True
PB.5366.1	junction_12	chr5	+	30359658	30360000	known	canonical	CCATCTTCTCCG	TTTCTTCTCAGG	8	TCTTCTCC	0	-1	True
PB.5040.1	junction_14	chr4	+	116155519	116155728	known	canonical	GATTTTTTCAGG	GTCTTTCTCAGT	8	TTTTTCAG	0	0	True
PB.5623.2	junction_10	chr5	-	122802905	122806244	known	canonical	TTCGGTCACTAG	TCTGTCATTAGT	8	GTCACTAG	1	0	True
PB.2584.1	junction_19	chr15	+	102322481	102322575	known	canonical	CTCTCCTGAAAG	TTCTCCTGTAGG	8	CTCCTGAA	-1	-1	True
PB.6280.2	junction_12	chr7	-	34263751	34313491	novel	canonical	GCGCTTCGCAGG	TGTTTTCACAGG	8	TTCGCAGG	1	1	True
PB.5544.2	junction_11	chr5	+	108342105	108344223	known	canonical	TCTATTTCCAGG	CTGTGTTCCAGG	8	TTTCCAGG	1	1	True
PB.6029.1	junction_3	chr6	+	113488182	113488478	known	canonical	TGGTTTCACAGG	CTTTCTCACAGG	8	TTTCACAG	0	0	True
PB.328.2	junction_4	chr1	+	151351110	151351553	known	canonical	TTCGACTTCAGG	CATTATTTCAGG	8	ACTTCAGG	1	1	True
PB.328.2	junction_9	chr1	+	151356237	151359621	known	canonical	AGTTTGTGCAGG	TGATTTTGCAGA	8	TTGTGCAG	0	0	True
PB.2942.1	junction_11	chr17	-	24602298	24603085	known	canonical	CAGACCCACAGG	CCCACCCCCAGG	8	ACCCACAG	0	0	True
PB.3990.1	junction_19	chr2	-	94375227	94376029	known	canonical	TTCTCTTCCAGG	CTCTCTTCTAGG	8	TCTTCCAG	0	0	True
PB.4384.1	junction_10	chr3	+	28045097	28048012	known	canonical	AATCTTTCAAGG	TGTCTTTGAAGG	8	CTTTCAAG	0	0	True
PB.4384.1	junction_25	chr3	+	28124727	28130312	known	canonical	GAGTGCTTCAGG	TTGTGTTTCAGA	8	TGCTTCAG	0	0	True
PB.4444.1	junction_2	chr3	+	55117796	55121599	known	canonical	GGTTTCTCCAGG	CACTTTTCCAGG	8	TTCTCCAG	0	0	True
PB.2522.2	junction_9	chr15	-	89353599	89353828	known	canonical	TCTACGCTCAGG	CTTCCTCTCAGG	8	CGCTCAGG	1	1	True
PB.4855.2	junction_13	chr4	+	40183653	40184900	known	canonical	CAATCACCCAGG	GCCTCACACAGG	8	TCACCCAG	0	0	True
PB.2073.1	junction_15	chr14	+	21019389	21020478	known	canonical	AAAAATGACAGG	TCTCCTGACAGG	8	ATGACAGG	1	1	True
PB.4763.1	junction_4	chr3	-	144697468	144705512	known	canonical	CTAAAAGTTCAG	TATAATTTCAGT	8	AAGTTCAG	1	0	True
PB.4491.1	junction_11	chr3	+	83069065	83069692	known	canonical	GATCATTACAGG	TTTCACTACAGG	8	CATTACAG	0	0	True
PB.3245.1	junction_7	chr18	-	12067106	12068297	known	canonical	CTTTTGTGTAGG	TTCATGTCTAGG	8	TGTGTAGG	1	1	True
PB.6825.1	junction_5	chr8	-	70295465	70295574	known	canonical	GTGGCCTCAAGG	TGTACCTCCAGG	8	CCTCAAGG	1	1	True
PB.2638.1	junction_2	chr16	+	13685399	13687390	known	canonical	ATTCTCCTCAGG	CTTCTCCACAGG	8	CTCCTCAG	0	0	True
PB.7595.1	junction_11	chrX	+	20646047	20647321	known	canonical	CAATCTCACAGG	CTGCCTCTCAGG	8	CTCACAGG	1	1	True
PB.1677.1	junction_2	chr12	+	87268346	87269874	known	canonical	GAACTGGACAGG	GCTTTTGACAGG	8	TGGACAGG	1	1	True
PB.1034.1	junction_1	chr11	-	60789317	60789595	known	canonical	TATCCACAGGGG	CTTTTGCACAGG	8	TCCACAGG	-1	1	True
PB.6309.1	junction_4	chr7	+	45000225	45000371	known	canonical	CTCACTCCCAGG	TCCTCCCCCAGG	8	CTCCCAGG	1	1	True
PB.1695.1	junction_6	chr12	-	101894428	101895650	known	canonical	ATATTATTAAGG	TGTTTTTTAAGG	8	TTATTAAG	0	0	True
PB.3233.3	junction_2	chr18	-	6203708	6208186	known	canonical	ACACATTGCAGG	TCCTATTTCAGG	8	ATTGCAGG	1	1	True
PB.1769.1	junction_28	chr13	+	12422363	12423633	known	canonical	GAATATTTCCGG	ATTTATTTCAGG	8	TATTTCCG	0	0	True
PB.1421.1	junction_1	chr11	-	118394123	118396590	known	canonical	GACTTCCTCAGG	CCCTCCCTCAGG	8	TTCCTCAG	0	0	True
PB.5731.3	junction_2	chr5	-	143320476	143321768	known	canonical	CAAGCACTGCAG	TTTCTCTGCAGG	8	CACTGCAG	1	0	True
PB.1715.1	junction_17	chr12	+	108530393	108534653	known	canonical	GTATTCTCCAGG	TGTTTCTGCAGA	8	TTCTCCAG	0	0	True
PB.3011.1	junction_2	chr17	+	32046012	32047673	known	canonical	CCCTTCTGCAGG	CGCCTTTGCAGG	8	TCTGCAGG	1	1	True
PB.5782.1	junction_2	chr6	-	13591545	13594943	known	canonical	AACTTCTGCAGG	TACTTTTGCAGC	8	TTCTGCAG	0	0	True
PB.3720.1	junction_4	chr2	-	10063351	10063442	known	canonical	AATCAGTTCAAG	TGTCATTTCAGG	8	TCAGTTCA	-1	-1	True
PB.2315.10	junction_1	chr15	-	8679075	8680073	novel	canonical	ATGAAGAAAATG	AGGAAGGAAAGA	8	GAAGAAAA	-1	-1	True
PB.4315.2	junction_5	chr2	-	175382108	175382358	novel	canonical	ACATTCATAGGG	TACACTCATAGT	8	ATTCATAG	-1	0	True
PB.4315.2	junction_6	chr2	-	175382683	175382851	novel	canonical	GTTTCTCTCCTG	TTTCTCTCCAGT	8	TCTCTCCT	0	-1	True
PB.4315.2	junction_7	chr2	-	175382948	175383030	novel	canonical	ACATTCATAGGG	TACATTCAAAGG	8	TTCATAGG	0	1	True
PB.4315.2	junction_8	chr2	-	175383284	175383366	novel	canonical	ACATTCATAGGG	TACATTCACAGG	8	TTCATAGG	0	1	True
PB.4315.2	junction_9	chr2	-	175383394	175479853	novel	canonical	TTTTTGCAAAGG	TTTCTGCAAAGC	8	TTGCAAAG	0	0	True
PB.4315.2	junction_10	chr2	-	175480096	175480347	novel	canonical	GGCTTTACCACA	AGCTTTATCACA	8	TTTACCAC	0	0	True
PB.4315.2	junction_11	chr2	-	175480610	175480693	novel	canonical	TATGTGCAAAGG	ATTGTACAAAGG	8	GTGCAAAG	0	0	True
PB.4315.2	junction_12	chr2	-	175480751	175653087	novel	canonical	ACATTCATAGGG	TACATTCATAGG	8	TTCATAGG	0	1	False
PB.4315.3	junction_4	chr2	+	175385974	175388097	novel	canonical	TTCCACTAGCAG	TCTTCAACTAGC	8	CCACTAGC	-1	1	True
PB.1982.2	junction_19	chr13	-	96666709	96669152	known	canonical	TGTAGTTCCAGG	TATCCTTCCAGG	8	GTTCCAGG	1	1	True
PB.6731.1	junction_1	chr8	-	23242632	23244730	known	canonical	CAGAGTTACAGG	CCTTCTTACAGG	8	GTTACAGG	1	1	True
PB.54.1	junction_21	chr1	-	36368035	36369104	known	canonical	GACAACTGCGGG	TTTCACTGCAGG	8	ACTGCGGG	1	1	True
PB.6928.2	junction_3	chr8	+	95003345	95011598	novel	canonical	CAATCTTCAGAG	GGCCTCTTCAGT	8	TCTTCAGA	0	1	True
PB.2148.4	junction_2	chr14	-	51906307	51906512	known	canonical	CATGGGCTACAG	TGTGTCTACAGT	8	GGCTACAG	1	0	True
PB.2148.3	junction_1	chr14	-	51906172	51906970	novel	non_canonical	AAGCTGGACCCC	CCCTTCTGGACC	8	GCTGGACC	-1	1	True
PB.6810.1	junction_5	chr8	+	69102242	69102450	known	canonical	TGACATCATGGG	GAATACATCAGG	8	ACATCATG	-1	1	True
PB.3655.1	junction_19	chr19	-	45965251	45965361	known	canonical	CAATTTTACAGG	TCTGTTTACAGA	8	TTTTACAG	0	0	True
PB.7038.1	junction_5	chr8	-	122890514	122891751	novel	canonical	ACACCCACCAGG	GGAGCCACCAGC	8	CCCACCAG	0	0	True
PB.5503.3	junction_19	chr5	-	90295819	90297986	known	canonical	GTCTTCAACAGG	TTCTTAAACAGG	8	TTCAACAG	0	0	True
PB.2170.5	junction_3	chr14	+	55561443	55562891	known	canonical	CTCCTCCGCAGG	TCTCTCCGCAGA	8	CTCCGCAG	0	0	False
PB.4524.6	junction_1	chr3	-	88747615	88762363	novel	non_canonical	CAACAAGAAGAA	TAGAAGAAGATT	8	CAAGAAGA	0	-1	True
PB.7466.1	junction_2	chr9	+	107955923	107956345	known	canonical	GTAGAATCCAGG	TTCTCATCCAGG	8	AATCCAGG	1	1	True
PB.4822.1	junction_7	chr4	+	15970915	15971765	known	canonical	ACACTTCAAAGG	TATTTTCATAGG	8	TTCAAAGG	1	1	True
PB.4822.1	junction_8	chr4	+	15971864	15976034	known	canonical	GCCTTGTACAGG	ATGATGTACAGA	8	TTGTACAG	0	0	True
PB.3105.2	junction_25	chr17	+	46663744	46663967	known	canonical	TCGTCTATCTGG	CCTGCTATCAGG	8	CTATCTGG	1	1	True
PB.3105.1	junction_3	chr17	+	46652612	46652724	known	canonical	AGCTGCCACAGG	GTATCCCACAGG	8	TGCCACAG	0	0	True
PB.7797.1	junction_8	chrX	+	151556136	151565371	known	canonical	TATTCCTACAGG	TTGTACTACAGG	8	TCCTACAG	0	0	True
PB.6561.2	junction_5	chr7	-	126547904	126558896	novel	canonical	GGACAATGAGGG	GAGTCAATGAGG	8	CAATGAGG	0	1	False
PB.5899.1	junction_8	chr6	+	57734090	57737655	known	canonical	CCTCTTTGAAGG	TTGCTTTGCAGG	8	CTTTGAAG	0	0	True
PB.3801.1	junction_28	chr2	+	30021324	30022439	known	canonical	CTGCTATCCAGG	TTTCTCTCCAGG	8	CTATCCAG	0	0	True
PB.3801.1	junction_39	chr2	+	30030599	30030674	known	canonical	GATCCCAACAGG	GTCTCCCACAGG	8	CCAACAGG	1	1	True
PB.174.1	junction_10	chr1	-	75174555	75174701	known	canonical	AGAAGCTACAGG	GGTCTCTACAGG	8	GCTACAGG	1	1	True
PB.5354.2	junction_2	chr5	+	25798502	25809784	known	canonical	TATCCCGTCATG	TTTCCCTTCAGG	8	TCCCGTCA	-1	-1	True
PB.7319.1	junction_8	chr9	-	65866602	65873098	known	canonical	GCTCATGTCAGG	CTGAATTTCAGG	8	ATGTCAGG	1	1	True
PB.7144.1	junction_2	chr9	-	22073088	22073425	known	canonical	CTGAGGAAGAGG	GCCTGAGGTAGA	8	GAGGAAGA	-1	1	True
PB.1847.1	junction_1	chr13	-	48579844	48580754	known	canonical	CTTTCACCAAGG	TTTGTCACCAGG	8	TCACCAAG	0	1	True
PB.6809.1	junction_7	chr8	+	68899538	68901147	known	canonical	CCCTTCACCCTG	TTTTCACCCAGG	8	TTCACCCT	0	-1	True
PB.6801.2	junction_23	chr8	+	61089498	61089570	known	canonical	GTGCTATTTCAG	AACTGTTTCAGA	8	CTATTTCA	0	-1	True
PB.6499.1	junction_14	chr7	+	110091927	110093069	known	canonical	AAGGACAGCAGG	CTTCACATCAGG	8	ACAGCAGG	1	1	True
PB.19.1	junction_1	chr1	-	13625737	13630140	novel	non_canonical	AACCGAGAAGAA	TCCTCTAGAAGA	8	CGAGAAGA	0	1	True
PB.185.1	junction_5	chr1	+	78692221	78694195	known	canonical	GGCCAACGTGGG	CTTCAACGTAGA	8	CAACGTGG	0	0	True
PB.185.1	junction_14	chr1	+	78705392	78706257	known	canonical	TGCTATTTCAGG	CTTCATTTCAGC	8	TATTTCAG	0	0	True
PB.6832.1	junction_2	chr8	-	70651415	70652404	known	canonical	ACAGCCCCCAGG	CTTGTCCCCAGC	8	GCCCCCAG	0	0	True
PB.3347.1	junction_1	chr18	-	43531965	43537655	known	canonical	GCCTCTTAAAGG	CTATCTTATAGA	8	TCTTAAAG	0	0	True
PB.5538.1	junction_10	chr5	+	107625969	107633062	known	canonical	CAGACTTTCAGG	ATGTCTTTCAGA	8	ACTTTCAG	0	0	True
PB.7057.3	junction_1	chr8	+	124520865	124552484	novel	canonical	GGCCTTGAGGGG	GTCCTTGAGAGC	8	CTTGAGGG	0	0	True
PB.7237.1	junction_4	chr9	+	50770791	50771430	known	canonical	AAGCTGAACAGG	TGTTTAAACAGG	8	TGAACAGG	1	1	True
PB.7118.1	junction_2	chr9	-	20907962	20908471	known	canonical	GACACCGGCAGG	CCTTCCCGCAGG	8	CCGGCAGG	1	1	True
PB.3996.1	junction_4	chr2	-	101741379	101746725	known	canonical	GCTGTGTGAAGG	CCTGTGTGTAGG	8	GTGTGAAG	0	0	True
PB.6048.3	junction_25	chr6	+	116254501	116255055	known	non_canonical	TGTGGTACCAGC	GAAGGTACCAGA	8	GGTACCAG	0	0	False
PB.3890.2	junction_7	chr2	+	57339012	57340063	known	canonical	TGTGCTCACAGG	TTTCTTCACAGG	8	CTCACAGG	1	1	True
PB.4764.1	junction_8	chr3	+	145596202	145600457	known	canonical	AATATGATAAGG	TTCTTGTTAAGG	8	TGATAAGG	1	1	True
PB.1311.1	junction_23	chr11	+	101578038	101580584	known	canonical	TCACTGCACAGG	TCTCTGCACAGC	8	CTGCACAG	0	0	False
PB.7591.1	junction_2	chrX	-	17558810	17568032	known	canonical	TTCTTCTTCAGG	CATGTCTGCAGG	8	TCTTCAGG	1	1	True
PB.1050.1	junction_1	chr11	+	62458695	62473368	known	canonical	CTTCTCCTCAGG	TGTCTCCTCAGG	8	CTCCTCAG	0	0	False
PB.7190.6	junction_5	chr9	+	40803180	40804340	novel	non_canonical	AGTGAGAACAAG	AAGGAGAACAAG	8	GAGAACAA	0	0	False
PB.1479.2	junction_1	chr12	-	15793878	15816071	novel	non_canonical	CCACCCTTTCCA	GTTACCCTTTCC	8	CCCTTTCC	0	1	False
PB.1479.3	junction_1	chr12	-	15793307	15793405	novel	non_canonical	GTTGGGTTCAGA	ATTTTGTTCAGA	8	GGTTCAGA	1	1	True
PB.2650.1	junction_4	chr16	-	15627857	15628592	known	canonical	TTGTTGTCAAGG	TCTCTTGTCAGG	8	TTGTCAAG	0	1	True
PB.3152.6	junction_1	chr17	-	65652482	65652986	novel	non_canonical	TCTTTCCCCATT	CCAACCCCCATT	8	TCCCCATT	1	1	True
PB.3152.6	junction_7	chr17	-	65722088	65772505	known	canonical	GTCTTCTCGGGG	TTCTCTTCTAGG	8	CTTCTCGG	-1	1	True
PB.3175.1	junction_2	chr17	+	74405728	74407220	known	canonical	GATCTCTTTAGG	TTTTTCTTTAGT	8	CTCTTTAG	0	0	True
PB.3905.4	junction_3	chr2	+	69731814	69732196	known	canonical	CCAACTTAAAGG	TTCACTTACAGA	8	ACTTAAAG	0	0	True
PB.4885.2	junction_7	chr4	+	43566205	43566293	known	canonical	CTTGTGTTCTGG	CTGTGTTCTAGG	8	GTGTTCTG	0	-1	True
PB.2019.1	junction_6	chr13	+	106949919	106951817	known	canonical	CCATTTTTCAGG	TTCCTTTTCAGA	8	TTTTTCAG	0	0	True
PB.2019.1	junction_8	chr13	+	106952409	106953433	known	canonical	TCAATTTTCAGG	TTATATTTCAGG	8	TTTTCAGG	1	1	True
PB.2019.1	junction_11	chr13	+	106957201	106958654	known	canonical	GACTTCATCAGG	CTCCTCTTCAGG	8	TCATCAGG	1	1	True
PB.2672.1	junction_4	chr16	-	18259656	18259878	known	canonical	TGCCTTAAAAGG	TCTCCTAAAAGA	8	CTTAAAAG	0	0	True
PB.2895.1	junction_9	chr17	+	15426276	15431576	known	canonical	CCAGGGTTCAGG	GTTTGGTACAGG	8	GGTTCAGG	1	1	True
PB.3971.1	junction_1	chr2	-	91184483	91184654	known	canonical	ACCACCCCCACG	CACACCCCCAGG	8	CACCCCCA	-1	-1	False
PB.3971.1	junction_9	chr2	-	91193697	91195032	known	canonical	GAGCCTCCAGGG	TGTTCCTGCAGG	8	CCTCCAGG	0	1	True
PB.7255.1	junction_10	chr9	+	54892573	54895378	known	canonical	AATATTCTCAGG	TGTTTTCTTAGG	8	TTCTCAGG	1	1	True
PB.486.1	junction_3	chr1	+	191338992	191340726	known	canonical	CGACGCTCCAGG	GTTTGTTCCAGG	8	GCTCCAGG	1	1	True
PB.5480.3	junction_9	chr5	+	74547176	74557039	known	canonical	ATCTTTTTAAGG	TCTTTTTGAAGG	8	TTTTTAAG	0	0	True
PB.1698.3	junction_3	chr12	-	102395748	102398245	novel	non_canonical	AGAGGAAGCTGC	TGGGGAAACTGC	8	GGAAGCTG	0	0	True
PB.4806.2	junction_11	chr4	-	9635970	9639197	known	canonical	AGAAGTTCTAGG	TCCTGTTGTAGG	8	GTTCTAGG	1	1	True
PB.355.1	junction_4	chr1	-	156690649	156698726	known	canonical	CCTAACTGTAGG	CTACCCTGTAGG	8	ACTGTAGG	1	1	True
PB.5030.2	junction_13	chr4	+	109343357	109361162	known	canonical	GTGAGGTTCAGG	TTGTGTTTCAGG	8	GGTTCAGG	1	1	True
PB.5030.2	junction_22	chr4	+	109378342	109379866	known	canonical	CATTATCAAAGG	TTTAAACAAAGG	8	ATCAAAGG	1	1	True
PB.7747.1	junction_5	chrX	-	113069643	113071916	known	canonical	GTACAGTACAGG	GTGCATTACAGG	8	CAGTACAG	0	0	True
PB.1949.1	junction_3	chr13	-	76066860	76072099	known	canonical	TGCCATGCTAGG	TTTTATGGTAGG	8	ATGCTAGG	1	1	True
PB.2580.1	junction_2	chr15	-	102118096	102136151	novel	non_canonical	ATGGATGAGGAG	GAGGAAGAGGAG	8	GATGAGGA	0	0	True
PB.6497.1	junction_1	chr7	-	109974952	109976594	known	canonical	CACTTTTCTAGG	TTTTGTTCTAGG	8	TTTTCTAG	0	0	True
PB.5701.1	junction_2	chr5	-	138150734	138151204	known	canonical	CCAAGTCTCAGG	GACTGTTTCAGG	8	GTCTCAGG	1	1	True
PB.3135.2	junction_14	chr17	+	56320283	56320396	known	canonical	GAAGTCCACAGG	ACTCCCCACAGG	8	TCCACAGG	1	1	True
PB.98.1	junction_7	chr1	-	54494892	54497533	known	canonical	CCTCTCAACAGG	TTAATCACCAGG	8	TCAACAGG	1	1	True
PB.7784.2	junction_17	chrX	+	141588977	141590109	known	canonical	ATGGTGAAAAGG	GCCTTGAACAGG	8	TGAAAAGG	1	1	True
PB.7784.2	junction_43	chrX	+	141669101	141669603	known	canonical	AGGATTCCCAGG	CATCTTTCCAGG	8	TTCCCAGG	1	1	True
PB.5889.1	junction_5	chr6	+	55224369	55255610	known	canonical	CCATCTCTCAGG	TTTTCTTTCAGG	8	TCTCTCAG	0	0	True
PB.1523.1	junction_5	chr12	+	35086985	35091362	known	canonical	TTTGCTACTAGG	TTTTCTACAAGG	8	CTACTAGG	1	1	True
PB.314.1	junction_6	chr1	-	138072391	138073603	known	canonical	TGTTGTTCCATG	TTGTTCCATAGA	8	GTTCCATG	1	-1	True
PB.6194.1	junction_2	chr7	-	10492406	10494489	known	canonical	CCCTCATGCAGG	CTATTATGCAGG	8	TCATGCAG	0	0	True
PB.6450.1	junction_4	chr7	+	97866210	97871574	known	canonical	GAGTTTTACAGG	TCTTCTTACAGA	8	TTTTACAG	0	0	True
PB.6326.1	junction_3	chr7	+	45874202	45881499	known	canonical	CCCCTCTGGAGG	TATCTCTGCAGA	8	CTCTGGAG	0	0	True
PB.5916.2	junction_4	chr6	+	71851881	71852762	known	canonical	AGCTTCAGCAGG	TATTTCTGCAGC	8	TTCAGCAG	0	0	True
PB.1333.1	junction_2	chr11	-	103367756	103368107	known	canonical	ACCTCCAGCAGG	TGTTCCTGCAGA	8	TCCAGCAG	0	0	True
PB.1584.1	junction_14	chr12	-	69324977	69327633	known	canonical	ACCATCATCAGG	GTGTTCCTCAGG	8	TCATCAGG	1	1	True
PB.1366.1	junction_17	chr11	+	108531466	108570287	known	canonical	GAAGCTTTGAAG	GGACTTTGTAGG	8	CTTTGAAG	1	0	True
PB.5316.1	junction_18	chr5	+	8828931	8832193	known	canonical	ATTTCTTTCAGG	GTGCTTTTCAGG	8	CTTTCAGG	1	1	True
PB.4705.1	junction_7	chr3	-	123380308	123380647	known	canonical	CCTTTCTTAAGG	CATTTCTTTAGG	8	TTCTTAAG	0	0	True
PB.7252.3	junction_3	chr9	-	54609726	54628535	novel	canonical	GTGCACCAGATG	GGGGACCAGAGG	8	ACCAGATG	1	1	True
PB.2290.1	junction_15	chr14	+	120936506	120938564	known	canonical	ACGACCCCCAGG	TGTTCCCCCAGA	8	ACCCCCAG	0	0	True
PB.7349.7	junction_4	chr9	+	72677376	72725046	novel	non_canonical	CCAGCGTGCAGA	GCAGCTTGCAGA	8	GCGTGCAG	0	0	True
PB.5650.1	junction_17	chr5	-	125425035	125425421	known	canonical	GCTGCCTGCAGG	TCTCTCTGCAGG	8	CCTGCAGG	1	1	True
PB.1653.2	junction_8	chr12	-	84386227	84386737	known	canonical	CTTTCTAACAGG	CTCATTAACAGG	8	CTAACAGG	1	1	True
PB.5318.2	junction_1	chr5	-	9119512	9130449	novel	canonical	GCAATGACTGGG	AGCTGACTGAGG	8	TGACTGGG	1	0	True
PB.3312.3	junction_3	chr18	+	36681766	36681873	known	canonical	TGGGCCTGCAGG	TCTTCCTGCAGA	8	GCCTGCAG	0	0	True
PB.5203.1	junction_3	chr4	+	137913855	137921020	known	canonical	ATGGCCTACAGG	CTTCCCTGCAGG	8	CCTACAGG	1	1	True
PB.2931.1	junction_4	chr17	-	24157848	24157917	known	canonical	CCATCCCCAGGG	TTCTCCCCCAGG	8	TCCCCAGG	0	1	True
PB.2931.1	junction_10	chr17	-	24163333	24163581	known	canonical	ACGCTCCTCAGG	TCTGCCCTCAGG	8	TCCTCAGG	1	1	True
PB.5063.1	junction_1	chr4	-	117889677	117889754	known	canonical	CAGCCCTGCAGG	TCCCTCTGCAGC	8	CCCTGCAG	0	0	True
PB.4974.1	junction_22	chr4	+	88326236	88330968	known	canonical	CCATTTTACAGG	GTGCTTTACAGG	8	TTTACAGG	1	1	False
PB.1125.1	junction_3	chr11	-	75414050	75414920	known	canonical	TTACTTCAAGGG	TTTCCTTCCAGG	8	CTTCAAGG	0	1	True
PB.4558.1	junction_3	chr3	-	90502254	90503095	known	canonical	GTCGCTCCGAGG	TCCTCTCCAAGG	8	CTCCGAGG	1	1	True
PB.388.3	junction_1	chr1	-	165593678	165601749	known	canonical	GATCTCACCAGG	CTCTTCTCCAGG	8	TCACCAGG	1	1	True
PB.6582.1	junction_4	chr7	+	127801943	127802013	known	canonical	CCCTTCTACAGG	CCCCTCTCCAGG	8	TCTACAGG	1	1	True
PB.7742.1	junction_6	chrX	-	107793655	107807791	known	canonical	AGATAAAAAAGG	GTTTAAAACAGG	8	TAAAAAAG	0	0	True
PB.2121.1	junction_3	chr14	-	40911158	40913361	known	canonical	CAGATCCTGCAG	TTTTCCTACAGC	8	TCCTGCAG	1	0	True
PB.129.1	junction_6	chr1	+	60448203	60453603	known	canonical	CGTCTTTCCAGG	TCATTTTCCAGG	8	TTTCCAGG	1	1	False
PB.4540.1	junction_2	chr3	+	89422997	89423507	known	canonical	CAGGTCACCAGG	TGTTTCTCCAGG	8	TCACCAGG	1	1	True
PB.5371.1	junction_4	chr5	-	30958062	30958232	known	canonical	CAGGCCTGCAGG	CTGGCCTCCAGG	8	GCCTGCAG	0	0	True
PB.5057.1	junction_5	chr4	-	117215366	117215438	known	canonical	GATCTTCAGTGG	CATTTCTTCAGA	8	TCTTCAGT	-1	1	True
PB.1803.5	junction_24	chr13	-	30927374	30927374	novel	canonical	CCATGGCATGAG	CATGGCATGAGT	8	TGGCATGA	0	-1	False
PB.5937.1	junction_2	chr6	+	83055049	83055128	known	canonical	GTCCTCCGCAGG	TGTGTCCCCAGG	8	TCCGCAGG	1	1	True
PB.1858.2	junction_1	chr13	-	51431048	51569265	novel	non_canonical	ACTCCAATCACC	GGGCCCATCACC	8	CCAATCAC	0	0	True
PB.3477.1	junction_4	chr19	+	5368726	5368894	known	canonical	GAGGGTCACTGG	TCTTGTCACAGG	8	GTCACTGG	1	1	True
PB.3467.1	junction_2	chr19	-	4788043	4792397	known	canonical	AGAGTTTCAAGG	GTTTCTTCAAGG	8	TTTCAAGG	1	1	True
PB.5848.1	junction_2	chr6	+	38948636	38951877	known	canonical	TTTTCCGCCAGG	TTTTCCTCCAGG	8	TCCGCCAG	0	0	True
PB.5848.1	junction_6	chr6	+	39017981	39021038	known	canonical	AACATCCAGAGG	TATGTCCACAGG	8	TCCAGAGG	1	1	True
PB.6590.1	junction_2	chr7	+	128636239	128659015	known	canonical	ACTTCATTCAGG	TTCTCTTTCAGA	8	TCATTCAG	0	0	True
PB.4699.1	junction_2	chr3	+	122426755	122455052	known	canonical	TTCATCTTCAGG	TCTCTCTTCAGG	8	TCTTCAGG	1	1	False
PB.7291.7	junction_6	chr9	+	59670524	59678753	novel	canonical	CAGCAAGAAGGG	TCTTCAAGAAGG	8	CAAGAAGG	0	1	False
PB.2959.1	junction_9	chr17	+	25655569	25656000	known	canonical	CAGCTTTCCAGG	TGTCCTTCCAGA	8	CTTTCCAG	0	0	True
PB.3746.1	junction_7	chr2	-	24804905	24805073	known	canonical	ACGGTGAGCAGG	TTTCTGTGCAGG	8	TGAGCAGG	1	1	True
PB.5598.1	junction_4	chr5	-	117382466	117382778	known	canonical	ACATCCTTCAGG	TCCTCCTGCAGA	8	TCCTTCAG	0	0	True
PB.7389.1	junction_10	chr9	-	88387312	88391761	known	canonical	AGAATTTCATGG	ACCAATTTCAGG	8	ATTTCATG	0	1	True
PB.7289.1	junction_2	chr9	-	59394991	59396350	known	canonical	TTATCTTTGAGG	TTTTCTTTCAGA	8	TCTTTGAG	0	0	True
PB.7271.2	junction_2	chr9	+	57131174	57131269	novel	non_canonical	TTCGGGGACAGC	GTCGGCGACAGC	8	GGGGACAG	0	0	True
PB.6201.1	junction_1	chr7	+	13024458	13024941	novel	non_canonical	AGTCTTGCGGCG	GCGCCTGCGGCC	8	CTTGCGGC	0	0	True
PB.7829.1	junction_10	chrY	-	1267189	1269704	known	canonical	TGCTCAAACAGG	TTTCTAAACAGG	8	CAAACAGG	1	1	True
PB.6787.1	junction_2	chr8	+	48111791	48111967	known	canonical	CAAGTTCCCAGG	TCTGTTTCCAGG	8	GTTCCCAG	0	0	True
PB.1196.1	junction_4	chr11	+	83758405	83759303	known	canonical	TTATGTCTCAGG	ATGTGTTTCAGT	8	TGTCTCAG	0	0	True
PB.5034.2	junction_12	chr4	+	115876625	115877949	known	canonical	GTCCTTCAGAGG	GGCCCCTACAGA	8	CCTTCAGA	-1	1	True
PB.949.1	junction_15	chr11	+	46134537	46136247	known	canonical	TGCAGTCCCAGG	TCCTGGCCCAGG	8	GTCCCAGG	1	1	True
PB.3908.1	junction_2	chr2	+	69983262	69988785	known	canonical	ATTTTAAAGATG	TCTCTTTGAAGA	8	TTTAAAGA	-1	1	True
PB.4470.1	junction_13	chr3	+	67600053	67600592	known	canonical	CTGTGTTTCTTG	TTGTGTTTCAGT	8	GTGTTTCT	-1	-1	True
PB.6021.1	junction_4	chr6	+	113056116	113059954	known	canonical	TTGATGTAGAGG	ATTTGATGTAGG	8	GATGTAGA	-1	1	True
PB.2315.9	junction_8	chr15	-	8651054	8660027	novel	canonical	CAGCTCTCCAGG	GCCTTCCCCAGG	8	TCTCCAGG	1	1	True
PB.7703.1	junction_8	chrX	-	98641014	98641750	known	canonical	CTCTGCTGCCAG	CTCTCTGCCAGA	8	GCTGCCAG	1	0	True
PB.3829.1	junction_17	chr2	+	32030798	32031249	known	canonical	GCCTCCCCAGGG	CCACTCCTCAGG	8	TCCCCAGG	0	1	True
PB.5086.1	junction_7	chr4	-	123136899	123137525	known	canonical	AGTTGGCAGAGG	TTCCTTGGCAGG	8	TTGGCAGA	-1	1	True
PB.6997.1	junction_1	chr8	+	111129696	111132876	known	canonical	TCCCCATAGAGG	TCTCCATATAGT	8	CCATAGAG	0	0	True
PB.299.1	junction_4	chr1	+	134407153	134407573	known	canonical	TTGTCATCAAGG	TGCCTCATCAGG	8	TCATCAAG	0	1	True
PB.4173.1	junction_1	chr2	+	150787036	150817782	novel	non_canonical	TCTTCGCTCTGG	GATTCACTCTGA	8	TCGCTCTG	0	0	True
PB.5562.1	junction_10	chr5	+	110863358	110865521	known	canonical	TAGCTGTACAGG	TTTTTGTACAGT	8	CTGTACAG	0	0	True
PB.1774.1	junction_7	chr13	+	13478339	13482017	known	canonical	CTCCAGCTCAGG	CCACACCTCAGT	8	CAGCTCAG	0	0	True
PB.5851.1	junction_11	chr6	-	39488877	39492998	known	canonical	TTCCTCTGAAGG	TCTCTCTGCAGT	8	CTCTGAAG	0	0	True
PB.6159.1	junction_19	chr6	+	147019589	147021300	known	canonical	CAGTCCAACAGG	ATTTCCTACAGT	8	TCCAACAG	0	0	True
PB.7400.1	junction_19	chr9	+	92606890	92607074	known	canonical	AGGATTTTCAGG	AACTTTTTTAGG	8	TTTTCAGG	1	1	True
PB.1944.1	junction_9	chr13	-	74721004	74721176	known	canonical	AACAACTTGCAG	GCTTCTTGCAGC	8	ACTTGCAG	1	0	True
PB.3974.1	junction_6	chr2	-	91284321	91304748	known	canonical	AAAGCCGCCAGG	CTCTCCCCCAGG	8	CCGCCAGG	1	1	True
PB.2508.1	junction_3	chr15	+	85135560	85137946	known	canonical	CCTACTGGCAGG	TCTCCTGGCAGA	8	ACTGGCAG	0	0	True
PB.5102.1	junction_3	chr4	+	126125819	126128818	known	canonical	GGCTCTTCCAGG	CTGCCTCCCAGG	8	CTTCCAGG	1	1	True
PB.4294.2	junction_1	chr2	-	167610159	167612769	novel	non_canonical	GTGGATCCCAGG	TTTAATCCCAGC	8	GATCCCAG	0	0	True
PB.6254.1	junction_2	chr7	+	28826079	28826184	known	canonical	GCTTTCTGGAGG	TGCCTCTGCAGG	8	TCTGGAGG	1	1	True
PB.2346.2	junction_1	chr15	+	34345561	34355562	known	canonical	CAAACTGTGCAG	TTCCTTTGCAGC	8	CTGTGCAG	1	0	True
PB.6532.1	junction_4	chr7	+	118718096	118721393	known	canonical	AAAATGTTCAGG	TCCCTTTTCAGG	8	TGTTCAGG	1	1	True
PB.6994.1	junction_3	chr8	-	110883941	110884030	known	canonical	ATCTGCTGCAGG	CCCGCCTGCAGG	8	GCTGCAGG	1	1	True
PB.2232.1	junction_4	chr14	-	70168045	70171219	known	canonical	CCAGCCAACAGG	TCCTCCCACAGG	8	CCAACAGG	1	1	True
PB.1459.2	junction_1	chr11	+	121500111	121503692	novel	canonical	GACTGTTTCAGG	TCTGGTTTCAGT	8	TGTTTCAG	0	0	True
PB.492.1	junction_1	chr1	-	193347203	193347331	known	canonical	GTGGTTTTCAGG	TCCCTTTTCAGG	8	TTTTCAGG	1	1	False
PB.2816.1	junction_7	chr16	+	70441320	70478305	known	canonical	ATCTATTCCAGG	TAATATTTCAGC	8	TATTCCAG	0	0	True
PB.6351.1	junction_2	chr7	+	55052871	55058045	known	canonical	TGAACCTTCAGG	TTCTCCTTCAGT	8	ACCTTCAG	0	0	True
PB.2067.4	junction_4	chr14	-	20388441	20388603	known	canonical	GCCGCTTCCAGG	TCTGCTTACAGA	8	GCTTCCAG	0	0	True
PB.5566.1	junction_13	chr5	+	112375462	112377958	known	canonical	ATGACCATCAGG	CTCCCCAACAGG	8	CCATCAGG	1	1	True
PB.7131.1	junction_2	chr9	+	21457577	21465581	known	canonical	TTCCAAAACAGG	TCCCATAACAGA	8	CAAAACAG	0	0	True
PB.874.6	junction_3	chr11	+	6313879	6348723	novel	non_canonical	AAGCTCCCTGGC	CTGGGCCCTGGC	8	TCCCTGGC	1	1	True
PB.874.5	junction_3	chr11	+	6313823	6355563	novel	non_canonical	ACCAATGCTGGA	GGTATGCTGGCC	8	AATGCTGG	0	-1	True
PB.5070.1	junction_4	chr4	+	119132684	119133096	known	canonical	TTATTGCCCAGG	TCTTTGTCCAGG	8	TTGCCCAG	0	0	True
PB.7786.1	junction_3	chrX	-	142328963	142332191	known	canonical	ACAGATTATAGG	TATGATTCTAGA	8	GATTATAG	0	0	True
PB.4870.1	junction_10	chr4	-	41415000	41423451	known	canonical	ATATTCTTCAGG	TTATTTTTCAGC	8	TTCTTCAG	0	0	True
PB.1095.1	junction_15	chr11	+	70939997	70940381	known	canonical	AGACTCTTCAGG	TGTTTCTCCAGG	8	TCTTCAGG	1	1	True
PB.1051.3	junction_2	chr11	+	62552554	62552781	novel	canonical	CTGATTACAACA	CTGATTACAACA	8	ATTACAAC	0	0	False
PB.7623.4	junction_12	chrX	-	41856874	41873915	novel	non_canonical	AAAAGCAAGAGA	GCAAAACAAGAG	8	AGCAAGAG	0	1	True
PB.2031.1	junction_22	chr13	+	112962871	112963262	known	canonical	GCTTATCTAGGG	TGTTCATCTAGG	8	TATCTAGG	0	1	True
PB.2165.1	junction_2	chr14	-	54919419	54919694	known	canonical	TGCATCTGAAGG	TCCCTCTGCAGG	8	TCTGAAGG	1	1	True
PB.2479.2	junction_3	chr15	+	81895364	81913212	novel	non_canonical	TGTACCATCAAC	GGTGCCATCAAC	8	CCATCAAC	1	1	False
PB.275.1	junction_8	chr1	-	128376313	128378765	known	canonical	AATAATTTCAGG	TTGTATTTCAGC	8	AATTTCAG	0	0	True
PB.2187.1	junction_20	chr14	+	57481512	57487571	known	canonical	TCCCTTATACAG	TGCTCTTATAGA	8	CTTATACA	0	1	True
PB.3361.1	junction_3	chr18	+	53340235	53383069	known	canonical	CGTATTTACAGG	TGCTTTCACAGG	8	TTTACAGG	1	1	True
PB.6017.1	junction_3	chr6	+	108813708	108814983	known	canonical	TCACAATAAAGG	TTTCATTAAAGA	8	CAATAAAG	0	0	True
PB.4304.1	junction_2	chr2	-	172872983	172875214	known	canonical	TTGGCTGGCAGG	TCTCTTGGCAGG	8	CTGGCAGG	1	1	True
PB.6910.1	junction_1	chr8	-	91124679	91124822	known	canonical	TGACTCAGAAGG	GTGCCCAGAAGA	8	CTCAGAAG	0	0	True
PB.3813.1	junction_5	chr2	+	30432087	30435563	known	canonical	AACTTGATCAGG	TATGTTATCAGG	8	TGATCAGG	1	1	True
PB.1900.2	junction_6	chr13	-	63330621	63331840	known	canonical	GAAATGTTCAGG	GCTTTGTTCAGG	8	TGTTCAGG	1	1	False
PB.1397.1	junction_13	chr11	-	115917059	115923165	known	canonical	CCAAACTCCAGG	TCTCTCTCCAGG	8	ACTCCAGG	1	1	True
PB.5020.1	junction_3	chr4	+	108169949	108172088	known	canonical	GTTCTGTGCAGG	GCCCTCTGCAGG	8	CTGTGCAG	0	0	True
PB.2983.1	junction_7	chr17	+	27707115	27707218	known	canonical	CGCAGTTCGAGG	CCCCGTTCCAGG	8	GTTCGAGG	1	1	True
PB.7304.1	junction_6	chr9	-	64193827	64204430	known	canonical	TATGCACAGAGG	TCTCTTCACAGA	8	TGCACAGA	-1	1	True
PB.1114.1	junction_3	chr11	+	73213515	73214054	known	canonical	TTGAAAAACAGG	GTGACAAACAGC	8	AAAAACAG	0	0	True
PB.1954.1	junction_2	chr13	+	80887488	80889088	known	canonical	CTTCCACAGACG	ATTTTACACAGA	8	TCCACAGA	-1	1	True
PB.407.1	junction_5	chr1	-	171145813	171150558	known	canonical	TTCTTGCTGAGG	ATCTCTTGCAGA	8	CTTGCTGA	-1	1	True
PB.7114.1	junction_2	chr9	-	20642097	20642203	known	canonical	CGCATCTCCAGG	CACTCCTCCAGG	8	TCTCCAGG	1	1	True
PB.4105.1	junction_6	chr2	+	128752023	128759042	known	canonical	GCAGCATTCAGG	TCTTCATTCAGG	8	CATTCAGG	1	1	False
PB.2999.1	junction_15	chr17	+	29378460	29378844	known	canonical	CAGCCCCCCAGG	TTCTCCTCCAGG	8	CCCCCAGG	1	1	True
PB.3134.1	junction_5	chr17	-	56286296	56286447	known	canonical	GGAGCCCCAGAG	TCTCCCCACAGT	8	CCCCAGAG	1	0	True
PB.7015.1	junction_12	chr8	+	117452277	117453079	known	canonical	CCATGGCAGAGG	GCTCCTGGCAGA	8	ATGGCAGA	-1	1	True
PB.315.1	junction_4	chr1	-	138515733	138516527	known	canonical	CATGCACAGAGG	TTTATCCACAGA	8	TGCACAGA	-1	1	True
PB.1614.1	junction_7	chr12	+	76284044	76288880	known	canonical	TTATGTTCCAGG	TCCTGATCCAGA	8	TGTTCCAG	0	0	True
PB.1371.1	junction_8	chr11	+	109664820	109665864	known	canonical	GTCTATTTTAGG	TTCTATTTCAGA	8	TATTTTAG	0	0	True
PB.5339.1	junction_14	chr5	+	23817154	23819387	known	canonical	TATTTTAAACAG	TTCCTAAACAGT	8	TTAAACAG	1	0	True
PB.5949.1	junction_10	chr6	-	84854799	84855474	known	canonical	ACACACTTCAGG	TTTTCCTTCAGG	8	ACTTCAGG	1	1	True
PB.7308.2	junction_9	chr9	+	64978282	64979774	known	canonical	GTCCAACTAGGG	TCTTCATCTAGG	8	CAACTAGG	0	1	True
PB.6056.1	junction_3	chr6	+	117919160	117923707	known	canonical	GGTTCTTTAAGG	CTTTCTTTCAGC	8	TCTTTAAG	0	0	True
PB.2035.2	junction_4	chr13	+	114824695	114825210	known	canonical	TCTCTTTGTAGG	TTGTTTTTTAGG	8	TTTGTAGG	1	1	True
PB.52.4	junction_8	chr1	+	34877623	34878335	novel	non_canonical	AGAGGGCCACCC	AAGGCCCCCCGC	8	GGCCACCC	1	-1	True
PB.52.3	junction_4	chr1	+	34863550	34877032	novel	non_canonical	ATCAGTCTCTGT	TGGGCTCTCTGT	8	GTCTCTGT	1	1	True
PB.2523.1	junction_12	chr15	+	89370079	89370237	known	canonical	AACCTTTGCAGG	TTTGTTTGCAGA	8	CTTTGCAG	0	0	True
PB.5645.1	junction_3	chr5	+	124636113	124637485	known	canonical	TAGAAATGCAGG	TGTCATTGCAGG	8	AATGCAGG	1	1	True
PB.5490.1	junction_8	chr5	+	77325936	77326047	known	canonical	TATTTCTTGGGG	TTCTTTTCTAGG	8	TTTCTTGG	-1	1	True
PB.5490.1	junction_17	chr5	+	77339418	77340374	known	canonical	GGCTTTTTCAGG	TGTGTTTTTAGG	8	TTTTCAGG	1	1	True
PB.2951.2	junction_3	chr17	-	24948781	24956017	known	canonical	AAATCCTCCAGG	TGTTCCTGCAGG	8	TCCTCCAG	0	0	True
PB.248.1	junction_28	chr1	-	105657851	105658886	known	canonical	TACTGCTTCAAG	GTCTGTTTCAGC	8	CTGCTTCA	-1	-1	True
PB.1213.1	junction_2	chr11	+	86486506	86486655	known	canonical	GCATATAACAGG	TTTTCTAACAGG	8	TATAACAG	0	0	True
PB.1783.1	junction_15	chr13	+	18838714	18839647	known	canonical	ATGGCTGCAAGG	TCTGCTGCCAGA	8	GCTGCAAG	0	0	True
PB.2221.1	junction_1	chr14	+	66802070	66802924	novel	non_canonical	TCTTTTTTAAGG	GACTTCTTAAGG	8	TTTTTAAG	0	0	True
PB.7046.1	junction_12	chr8	+	123395711	123397006	known	canonical	GTTCCCTGGAGG	TTCCCCTGCAGT	8	CCCTGGAG	0	0	True
PB.3543.2	junction_2	chr19	-	10872690	10874241	known	canonical	TGATTTCAGAGG	CTTTTTCACAGA	8	TTTCAGAG	0	0	True
PB.110.1	junction_12	chr1	+	58059473	58061195	known	canonical	ACTGTCCAAAGG	TTTGTCCACAGA	8	GTCCAAAG	0	0	True
PB.110.1	junction_30	chr1	+	58097013	58097865	known	canonical	GGATATTTCAGG	CTTTCTTTCAGG	8	TATTTCAG	0	0	True
PB.3911.1	junction_3	chr2	-	70717894	70721073	known	canonical	GGCACTTACTGG	ATTACTTACAGG	8	ACTTACTG	0	0	True
PB.2094.1	junction_13	chr14	-	30918444	30918947	known	canonical	AAATCCAGCAGG	TCTTCCTGCAGA	8	TCCAGCAG	0	0	True
PB.2805.1	junction_7	chr16	-	57186681	57189261	known	canonical	ACTTCTTACAGG	TTTTATTACAGA	8	TCTTACAG	0	0	True
PB.7473.1	junction_1	chr9	+	108297026	108297127	known	canonical	GTTCTGTACAGG	GCTGTCTACAGG	8	TGTACAGG	1	1	True
PB.4157.1	junction_3	chr2	+	144617428	144635757	known	canonical	GCTTATCAGAGG	TGTTTTTTCAGA	8	TTATCAGA	-1	1	True
PB.1729.9	junction_1	chr12	-	111669671	111669861	novel	canonical	AGTTCTCGGAGG	GCTTCTCGGAGG	8	TCTCGGAG	0	0	False
PB.7238.1	junction_2	chr9	-	50764291	50764695	known	canonical	TGCCTTCCCAGG	TTCCTTTCCAGT	8	CTTCCCAG	0	0	True
PB.459.1	junction_22	chr1	-	181142400	181144050	known	canonical	GGGTCATTCAGG	TTCTCTTTCAGT	8	TCATTCAG	0	0	True
PB.4068.1	junction_5	chr2	-	121349260	121349474	known	canonical	ATCCAAGATAGG	GGGGATGATAGG	8	AAGATAGG	1	1	True
PB.1346.1	junction_7	chr11	-	106171265	106173252	known	canonical	CATTCTTGCAGG	GTTGCTTTCAGG	8	CTTGCAGG	1	1	True
PB.5049.1	junction_2	chr4	-	116704660	116705880	known	canonical	GTGTTACAGAGG	TTCTGTTCCAGA	8	GTTACAGA	-1	1	True
PB.5049.1	junction_3	chr4	-	116706076	116708237	known	canonical	ATCCCTTCCAGG	CTGTGTTCCAGG	8	CTTCCAGG	1	1	True
PB.5003.1	junction_7	chr4	+	106411442	106412091	known	canonical	GATCTCTCTCTG	TTGTCTCTCAGG	8	TCTCTCTG	1	0	True
PB.5719.1	junction_7	chr5	+	140430184	140430261	known	canonical	CCCATCTTCAAG	TTTCTCTTCAGG	8	TCTTCAAG	1	1	True
PB.3989.3	junction_6	chr2	-	94052289	94065553	known	canonical	CCGTTTGCAAGG	CTCTTTTGCAGG	8	TTTGCAAG	0	1	True
PB.6129.1	junction_2	chr6	+	135012396	135015194	known	canonical	GGCCTTGCAAGG	GTTTCTTGCAGG	8	CTTGCAAG	0	1	True
PB.3593.2	junction_1	chr19	+	34192363	34192529	novel	non_canonical	TCCAAGCCACGG	CCCGAGCCACGC	8	AAGCCACG	0	0	True
PB.4696.2	junction_14	chr3	-	121777067	121779554	known	canonical	ATCACTAATAGG	TTCTCTAATAGT	8	ACTAATAG	0	0	True
PB.344.1	junction_5	chr1	+	155187841	155191428	known	canonical	AAAACAGACAGG	TGCTCACACAGG	8	CAGACAGG	1	1	True
PB.7828.1	junction_14	chrY	-	1168186	1169964	known	canonical	AGTTTTTACAGG	AATTTTTTCAGA	8	TTTTACAG	0	0	True
PB.948.1	junction_3	chr11	+	44531385	44542628	known	canonical	CAGATATCCAGG	TTTTTCTCCAGG	8	TATCCAGG	1	1	True
PB.948.1	junction_9	chr11	+	44560120	44561464	known	canonical	CCTCTCTCCAGG	TCCCTCCCCAGG	8	CTCTCCAG	0	0	True
PB.3686.1	junction_6	chr19	-	58809622	58820999	known	canonical	CTGCCTACCAGG	CTGTCTTCCAGG	8	CTACCAGG	1	1	True
PB.2295.2	junction_17	chr14	+	122155500	122158648	known	canonical	CCTTTTTACAGG	TTCTTTTATAGG	8	TTTTACAG	0	0	True
PB.1453.1	junction_2	chr11	-	120965011	120967994	known	canonical	CCACCTCACAGG	CCCCACCTCAGA	8	ACCTCACA	-1	1	True
PB.5055.1	junction_1	chr4	-	117129179	117129285	known	canonical	GCACTGTCCAGG	TCTGTGTACAGG	8	TGTCCAGG	1	1	True
PB.6918.1	junction_1	chr8	-	94379524	94380284	novel	non_canonical	ATTTTTAGATGG	AGTTTTAGATGG	8	TTTAGATG	0	0	False
PB.2947.2	junction_3	chr17	-	24884236	24884400	known	canonical	CCACACCACAGG	CTGATCCACAGG	8	ACCACAGG	1	1	True
PB.7817.1	junction_8	chrX	+	164996122	164996769	known	canonical	ATATATTGCAGG	TTTTATTTCAGG	8	TATTGCAG	0	0	True
PB.5592.1	junction_10	chr5	+	115581132	115581489	known	canonical	GATCCTTGGAGG	TCCCCTTGCAGG	8	CCTTGGAG	0	0	True
PB.5592.1	junction_11	chr5	+	115581541	115581780	known	canonical	TGTCCTTTCAGG	CTGCCTTTCAGG	8	CCTTTCAG	0	0	False
PB.1716.3	junction_1	chr12	-	108861147	108882814	novel	non_canonical	CTGCCCTCCTGG	TGTGCATCCTGG	8	CCTCCTGG	1	1	True
PB.2388.2	junction_20	chr15	-	58117347	58118344	known	canonical	GCTATTAACAGG	TTTTTTAATAGG	8	TTAACAGG	1	1	True
PB.7247.1	junction_15	chr9	+	53567025	53569886	known	canonical	GCTTATTACAGG	TATAATTCCAGG	8	ATTACAGG	1	1	True
PB.5683.1	junction_1	chr5	+	135674662	135715871	known	canonical	AGCCTGACTGGG	TCTCCTGACAGT	8	CCTGACTG	-1	0	True
PB.7171.1	junction_2	chr9	-	35205410	35205588	known	canonical	GTCCTACTGAGG	CTCTTACTTAGG	8	TACTGAGG	1	1	True
PB.4265.1	junction_3	chr2	-	164058746	164060860	novel	canonical	AATCCAAAGAAG	TTGTAAAGAAGG	8	CAAAGAAG	1	0	True
PB.7257.1	junction_8	chr9	+	55185761	55191841	known	canonical	TCTCTTTTAAGG	ACTTTTTTTAGG	8	TTTTAAGG	1	1	True
PB.3667.6	junction_12	chr19	-	53006275	53025291	novel	canonical	AACCCATCCAGG	ACAGAATCCAGG	8	CATCCAGG	1	1	True
PB.6604.1	junction_5	chr7	+	132642580	132705591	known	canonical	AAGCCCACCAGG	CTGCCCTCCAGG	8	CCCACCAG	0	0	True
PB.6998.3	junction_14	chr8	-	111174321	111177644	known	canonical	AGACTGGGCAGG	CTTATGTGCAGG	8	TGGGCAGG	1	1	True
PB.3173.2	junction_9	chr17	-	74294791	74294849	novel	non_canonical	GCCGCCTCCTCC	GCCGCCTCCTCA	8	GCCTCCTC	0	0	False
PB.2692.1	junction_3	chr16	+	20630911	20631096	known	canonical	GGTCCACAGAGG	TCTTGCCACAGA	8	TCCACAGA	-1	1	True
PB.426.1	junction_4	chr1	+	172172982	172173942	known	canonical	ATGTCTTCCAGG	TAATATTCCAGG	8	TCTTCCAG	0	0	True
PB.4480.1	junction_1	chr3	-	77145616	77184717	novel	non_canonical	GGATACCCAAGA	GGATACCCAAGA	8	TACCCAAG	0	0	False
PB.3254.3	junction_4	chr18	-	15398761	15399591	novel	non_canonical	TTGGGAGTCACC	TTGAAGTCACAA	8	GGAGTCAC	0	-1	True
PB.6470.2	junction_10	chr7	+	101502056	101502533	known	canonical	TCAGCTTTCCAG	TCACTTTCCAGT	8	CTTTCCAG	1	0	False
PB.6470.4	junction_9	chr7	+	101508130	101508441	known	canonical	AACTACCTCGAG	TCCCTACCTAGG	8	CTACCTCG	-1	0	True
PB.6665.1	junction_2	chr7	+	143830266	143836637	known	canonical	TCCGCACTCAGG	CCTTCCCTCAGG	8	CACTCAGG	1	1	True
PB.6665.1	junction_7	chr7	+	143843319	143845440	known	canonical	ATGTCTTGCAGG	CTGTCTTACAGG	8	TCTTGCAG	0	0	True
PB.5429.2	junction_1	chr5	-	38527511	38540117	novel	non_canonical	TGGACCAGCAGC	AGAGGCAGCAGC	8	CCAGCAGC	1	1	True
PB.3200.6	junction_5	chr17	-	85069060	85075888	novel	non_canonical	TGGTCTGGCCGA	GCCGATGGCCGA	8	CTGGCCGA	1	1	True
PB.3934.1	junction_4	chr2	-	76639318	76640240	known	canonical	GCTCATTACAGG	CAATTTTACAGG	8	ATTACAGG	1	1	True
PB.7101.1	junction_8	chr9	+	14802950	14805355	known	canonical	GCTGTGAAGAAG	CTTCTGTGCAGA	8	TGTGAAGA	-1	1	True
PB.6279.3	junction_1	chr7	-	34202333	34205603	novel	non_canonical	TCCCTGTCCAGA	TCCCTGCCCAGA	8	CTGTCCAG	0	0	True
PB.2493.1	junction_5	chr15	-	83016662	83033112	known	canonical	GCAGCTAACAGG	TGCCCCAACAGG	8	CTAACAGG	1	1	True
PB.7522.1	junction_4	chr9	+	119344253	119344465	known	canonical	CAACATTGCTGG	TTTTATTGCAGG	8	ATTGCTGG	1	1	True
PB.3501.2	junction_2	chr19	+	6335906	6336724	known	canonical	CTTCATCACAGG	CTTTACCACAGG	8	ATCACAGG	1	1	True
PB.7611.1	junction_7	chrX	+	37141913	37142904	known	canonical	AAGCCTTTGAAG	TTACTTTGTAGC	8	CTTTGAAG	1	0	True
PB.4838.1	junction_4	chr4	+	31981583	31985685	known	canonical	AGTATTTGAAGG	CTTTTTTGTAGG	8	TTTGAAGG	1	1	True
PB.1962.1	junction_5	chr13	+	84272328	84282710	known	canonical	TCTTTTGCAATG	TCCTTTTGCAGC	8	TTTTGCAA	-1	0	True
PB.2159.1	junction_9	chr14	+	54368234	54368317	known	canonical	GGCTGCCAGGGG	TCTTCTCCCAGG	8	CTGCCAGG	-1	1	True
PB.3753.1	junction_3	chr2	+	25273933	25274665	known	canonical	AGTTTCACAAGG	ATCTTTCACAGT	8	TTTCACAA	-1	0	True
PB.6594.1	junction_18	chr7	+	128779738	128783427	known	canonical	CATTTTACAGGG	TGTCTTTACAGG	8	TTTACAGG	0	1	False
PB.3845.1	junction_4	chr2	-	32929706	32932090	known	canonical	TGAAACTGCAGG	CCATCCTGCAGG	8	ACTGCAGG	1	1	True
PB.2927.1	junction_9	chr17	-	23670361	23670448	known	canonical	TTCTCAAGAAGG	TCTCCATGAAGG	8	CAAGAAGG	1	1	True
PB.2590.1	junction_1	chr15	+	102518603	102519121	known	canonical	GGGCTGCCCAGG	CCCCTTCCCAGC	8	CTGCCCAG	0	0	True
PB.1278.2	junction_24	chr11	-	98728698	98728784	known	canonical	CAACCTAGCAGG	TTTCCTTGCAGA	8	CCTAGCAG	0	0	True
PB.2139.2	junction_3	chr14	+	49078923	49080235	known	canonical	ACACTTCTCAGG	TCTGTTTTCAGG	8	TTCTCAGG	1	1	True
PB.3382.1	junction_8	chr18	+	61578774	61580338	known	canonical	ATCCTTTTCAGG	TTCTTTTTCAGG	8	TTTTCAGG	1	1	False
PB.2604.1	junction_10	chr16	-	4054910	4055796	known	canonical	ACACTTTGCAGG	TAAATTTCCAGG	8	TTTGCAGG	1	1	True
PB.1031.1	junction_1	chr11	-	60714448	60714588	known	canonical	AGGCTTGCCAGG	TTTCTTACCAGG	8	CTTGCCAG	0	0	True
PB.2123.1	junction_6	chr14	-	45151475	45151757	known	canonical	TTTATCCAGTTG	TATTTATCCAGG	8	TATCCAGT	-1	1	True
PB.2336.1	junction_1	chr15	+	27466787	27466972	novel	non_canonical	CTCCCCGGCAGA	CGCGGCGGCAGA	8	CCGGCAGA	1	1	True
PB.2624.5	junction_3	chr16	-	8663710	8664254	known	canonical	ACCTTCTCAGCG	TTCCCTCTCAGG	8	CTTCTCAG	-1	0	True
PB.5644.1	junction_7	chr5	+	124608643	124610269	known	canonical	CCATCCCCCAGG	CTTGCCCTCAGG	8	CCCCCAGG	1	1	True
PB.5373.1	junction_1	chr5	+	31067647	31068105	known	canonical	AGCTCCGGAAGG	CCCTCCGGCAGA	8	TCCGGAAG	0	0	True
PB.3939.1	junction_6	chr2	-	77908146	77911509	known	canonical	AGAGCCAAACAG	TTTCCAAACAGA	8	CCAAACAG	1	0	False
PB.3939.1	junction_19	chr2	-	77936723	77946149	known	canonical	TGGAGCTTTAGG	TTGTGTTTTAGG	8	GCTTTAGG	1	1	True
PB.1820.1	junction_1	chr13	+	37970623	37978219	novel	canonical	TTTTTTATATCA	CATTATATTACA	8	TTATATCA	1	-1	True
PB.1840.1	junction_5	chr13	-	46687499	46689058	known	canonical	TGAGTTTAAAGG	TGTTTTTGAAGG	8	TTTAAAGG	1	1	True
PB.1840.1	junction_10	chr13	-	46701088	46701603	known	canonical	TACCAAACAAGG	ACCCAAACCAGG	8	CAAACAAG	0	0	True
PB.3197.1	junction_2	chr17	-	83504229	83514203	known	canonical	ACACCCCGCAGG	CTGTCCTGCAGG	8	CCCGCAGG	1	1	True
PB.4883.1	junction_5	chr4	+	43509211	43510196	known	canonical	CCTTTCTGCAGG	CACCCCTGCAGG	8	TCTGCAGG	1	1	True
PB.3459.1	junction_6	chr19	+	4194907	4194981	known	canonical	GTTCCTTCCAGG	TTCTCTTCCAGA	8	CCTTCCAG	0	0	True
PB.6428.1	junction_1	chr7	-	86719849	86723275	known	canonical	CCTTTCTACAGG	TTCATCAACAGG	8	TCTACAGG	1	1	True
PB.6203.1	junction_25	chr7	+	13308525	13309112	known	canonical	AGAGCCTGCAGG	GCTCACTGCAGG	8	CCTGCAGG	1	1	True
PB.2116.1	junction_1	chr14	+	34310890	34311072	novel	non_canonical	TCAGCCCGCCGC	AGCGGCCGCCGA	8	GCCCGCCG	0	0	True
PB.2186.1	junction_5	chr14	-	57313130	57362921	known	canonical	TGCACATTCAGG	GTCCCTTTCAGG	8	CATTCAGG	1	1	True
PB.7531.1	junction_9	chr9	+	121448954	121451650	known	canonical	TGTTCCCCATGG	TCTTTCCCCAGG	8	TCCCCATG	0	1	True
PB.4532.1	junction_3	chr3	-	89088847	89088999	known	canonical	GGCCTCCTCAAG	CTCTCCTCCAGC	8	CTCCTCAA	0	-1	True
PB.4051.1	junction_8	chr2	+	119960452	119960725	known	canonical	GTCTCTTTCAGG	TTTACCTTCAGG	8	CTTTCAGG	1	1	True
PB.858.1	junction_7	chr11	+	4905756	4910626	known	canonical	GCATCATGCAGG	GTTGCTTGCAGG	8	CATGCAGG	1	1	True
PB.5989.14	junction_19	chr6	+	90591869	90594489	novel	non_canonical	TTTGTGGAGGAC	GCAGGTGGAGGA	8	GTGGAGGA	0	1	False
PB.7420.2	junction_6	chr9	+	99263810	99275577	known	canonical	AAATGTTACAGG	TGTTCTTACAGA	8	TGTTACAG	0	0	True
PB.7420.2	junction_12	chr9	+	99289302	99291524	known	canonical	GCTACTTTCAGG	CATGCTTACAGG	8	CTTTCAGG	1	1	True
PB.6394.1	junction_8	chr7	+	79406291	79407323	known	canonical	TCTCTTCCAAGG	CTTATTCCCAGG	8	TTCCAAGG	1	1	True
PB.6394.1	junction_36	chr7	+	79448916	79449072	known	canonical	AAAAGTCCAAGG	TGCTGTCCCAGG	8	GTCCAAGG	1	1	True
PB.7427.1	junction_1	chr9	+	102867655	102869273	known	canonical	CACTTTATCAGG	TCTTTTAACAGT	8	TTTATCAG	0	0	True
PB.7427.1	junction_9	chr9	+	102897335	102898458	known	canonical	ATAATCCACAGG	TGTTACCACAGG	8	TCCACAGG	1	1	True
PB.977.1	junction_2	chr11	+	52113330	52117986	known	canonical	TAGCTCTTAAGG	GTTTTCTTTAGG	8	TCTTAAGG	1	1	True
PB.6890.1	junction_2	chr8	+	85062086	85062171	known	canonical	TGCTGCTCCAGG	CTTCCCTCCAGG	8	GCTCCAGG	1	1	True
PB.1474.1	junction_12	chr12	+	11290892	11291525	known	canonical	CGGCCCTTTAGG	ATCACTTTTAGG	8	CCTTTAGG	1	1	True
PB.1474.3	junction_22	chr12	+	11306204	11309198	known	canonical	CAATTTAGAAGG	ATTTTTTGAAGG	8	TTTAGAAG	0	0	True
PB.4217.1	junction_5	chr2	-	155826211	155826326	known	canonical	AACTTCTATAGG	TGTTTCTACAGT	8	TTCTATAG	0	0	True
PB.6661.1	junction_20	chr7	-	143587194	143588491	known	canonical	CCCGGAACAAGG	TTTTTAACAAGG	8	GAACAAGG	1	1	True
PB.6454.1	junction_1	chr7	-	98590885	98593330	known	canonical	TTATCATCCAGG	TTCTCTTCCAGG	8	TCATCCAG	0	0	True
PB.5342.1	junction_3	chr5	+	24169391	24175453	known	canonical	CAATATTTCAGG	CCTCACTTCAGG	8	ATTTCAGG	1	1	True
PB.5649.3	junction_1	chr5	-	125386443	125387810	novel	canonical	TCGCCTCAGAGG	TCGCCTCAGAGG	8	CCTCAGAG	0	0	False
PB.7609.1	junction_4	chrX	-	36930268	36934383	known	canonical	GACTGTGCAGGG	CCGCTATGCAGT	8	CTGTGCAG	-1	0	True
PB.3147.2	junction_11	chr17	+	57419406	57420346	known	canonical	TGTCCTTACAGG	TTTCCTTGCAGA	8	CCTTACAG	0	0	True
PB.1682.1	junction_5	chr12	-	91063166	91083673	known	canonical	AAACTCTGCAGG	TTCATTTGCAGG	8	TCTGCAGG	1	1	True
PB.6206.1	junction_6	chr7	+	16113406	16113475	known	canonical	GAGTCCAACAGG	CCTTCCCACAGC	8	TCCAACAG	0	0	True
PB.7823.1	junction_1	chrX	-	167348999	167350514	known	canonical	CCAAAATTCAGG	GTGTTATTCAGG	8	AATTCAGG	1	1	True
PB.4782.2	junction_1	chr3	-	153923003	153925664	known	canonical	AGATCTATCAGG	TTATCTTTCAGA	8	TCTATCAG	0	0	True
PB.1700.1	junction_9	chr12	-	102675468	102704721	known	canonical	GAGCTGTGCAGG	TTTCTCTGCAGG	8	CTGTGCAG	0	0	True
PB.5188.1	junction_3	chr4	-	135969530	135969600	known	canonical	GCTTCTCGCAGG	TCTTCTCCCAGG	8	TCTCGCAG	0	0	True
PB.5188.1	junction_6	chr4	-	135970007	135970453	known	canonical	TGTCCCCATGCG	TCCCTCCCCAGG	8	TCCCCATG	-1	1	True
PB.323.1	junction_1	chr1	+	146497741	146514667	known	canonical	TCGCTGTCTAGG	GTTCTGTCTAGG	8	CTGTCTAG	0	0	False
PB.323.1	junction_5	chr1	+	146746586	146751754	known	canonical	TCAGTTGCAAGG	TGTCTTTCAAGG	8	TTGCAAGG	1	1	True
PB.1339.1	junction_8	chr11	+	105137785	105139560	known	canonical	CTTCACACAAGG	TTTCACACCAGG	8	CACACAAG	0	0	True
PB.4933.1	junction_48	chr4	-	58885499	58905003	known	canonical	TGATTGTAGAGG	TTATATTATAGA	8	ATTGTAGA	-1	1	True
PB.6607.1	junction_7	chr7	+	132982501	132982682	known	canonical	TCGGTTTCAAGG	CTTTTTTCCAGG	8	TTTCAAGG	1	1	True
PB.5220.1	junction_1	chr4	-	141067613	141068194	known	canonical	AAATCCACAGGG	CTTTTTCACAGG	8	TCCACAGG	0	1	True
PB.5791.2	junction_6	chr6	-	21836496	21851009	known	canonical	TGCTCTTTTGGG	CTTCTCTTTAGT	8	CTCTTTTG	-1	0	True
PB.5137.1	junction_2	chr4	+	130669299	130701041	known	canonical	CAGAACACCAGG	CTGAACACTAGG	8	AACACCAG	0	0	True
PB.7401.3	junction_1	chr9	+	95400613	95400721	novel	canonical	CCAAAGAGAACA	CCAAAGAGAACA	8	AAGAGAAC	0	0	False
PB.2381.1	junction_6	chr15	-	54850124	54850494	novel	canonical	AATAAGAGAGAG	TTCCTAGAGAGA	8	AAGAGAGA	0	1	True
PB.4183.1	junction_1	chr2	+	152669618	152669694	novel	canonical	ACAACGGCAGCG	GCCTACGGCAGC	8	ACGGCAGC	0	1	False
PB.3674.1	junction_21	chr19	-	55103128	55104626	known	canonical	TATTTATCAGGG	TCCTTTCTCAGA	8	TTTATCAG	-1	0	True
PB.3217.1	junction_12	chr17	-	90620892	90623419	known	canonical	GGTCAATCTAGG	TCCCCATCTAGA	8	CAATCTAG	0	0	True
PB.6252.1	junction_7	chr7	+	28747938	28748954	known	canonical	TTGTCAGCAGGG	CCTCTCTGCAGG	8	TCAGCAGG	0	1	True
PB.5078.1	junction_2	chr4	-	120759392	120761627	known	canonical	ATGCCCAACAGG	CTTCCCTACAGA	8	CCCAACAG	0	0	True
PB.3781.5	junction_8	chr2	-	27464194	27472575	known	canonical	GAGCTCTTCAGG	TTCTTCTGCAGG	8	TCTTCAGG	1	1	True
PB.3301.1	junction_1	chr18	-	35266910	35269038	known	canonical	TCACTGAGAAGG	TGGCTGTGAAGA	8	CTGAGAAG	0	0	True
PB.3039.2	junction_2	chr17	-	34112979	34113176	known	canonical	GAAGCCCTACAG	TCCCCCTCCAGC	8	CCCTACAG	1	0	True
PB.5715.4	junction_1	chr5	-	140009275	140016539	novel	canonical	TTTCCCTGAAGG	TCCTCCTGCAGG	8	CCTGAAGG	1	1	True
PB.3508.1	junction_6	chr19	-	7234157	7235062	known	canonical	CTGCCAACAGGG	TCTGCCCACAGC	8	GCCAACAG	-1	0	True
PB.3874.1	junction_9	chr2	-	44825544	44860290	known	canonical	TGGATCAGAAGG	TCAATCTGAAGG	8	ATCAGAAG	0	0	True
PB.4215.2	junction_1	chr2	-	155702593	155705654	known	canonical	GATTTGCCACGG	TCCTGCCACAGA	8	TGCCACGG	1	0	True
PB.4231.4	junction_3	chr2	+	156551114	156567586	novel	non_canonical	CAACTTCATCAG	CAGCTTCATCTG	8	CTTCATCA	0	0	True
PB.2509.1	junction_3	chr15	+	85224386	85226967	known	canonical	TCTTCATAAAGG	TCTGTTCATAGA	8	TTCATAAA	-1	1	True
PB.249.1	junction_3	chr1	+	106287117	106318848	known	canonical	AAGTCTCCAAGG	TTTTTCTCCAGG	8	TCTCCAAG	0	1	True
PB.5135.4	junction_2	chr4	-	130354257	130359830	novel	canonical	CAATCTGGAAGG	CTTTCTGAAAGG	8	TCTGGAAG	0	0	True
PB.2818.2	junction_1	chr16	-	75757837	75765263	novel	non_canonical	TTTGACTCTCCT	CTGGCCTCTCCA	8	GACTCTCC	0	0	True
PB.7793.3	junction_1	chrX	-	150983817	150984550	novel	non_canonical	CTCGAACTCAGA	CTCGAACTCAGA	8	GAACTCAG	0	0	False
PB.955.2	junction_2	chr11	+	49251675	49260570	known	canonical	TGGTTCTTCAGG	CCCCTCTTTAGG	8	TCTTCAGG	1	1	True
PB.7139.1	junction_8	chr9	-	21831941	21832843	known	canonical	TGACCCCAGATG	CCACCCCACAGG	8	ACCCCAGA	-1	-1	True
PB.7069.1	junction_11	chr8	+	128720475	128722383	known	canonical	GGAGCCTGCAGG	TCTTTCTGCAGG	8	CCTGCAGG	1	1	True
PB.6954.2	junction_1	chr8	-	105698329	105698407	known	canonical	CAAACTGCCAGG	TTTCCTTCCAGG	8	CTGCCAGG	1	1	True
PB.7385.1	junction_12	chr9	-	86678014	86679818	known	canonical	GACTTCGACAGG	CATCTCCACAGG	8	TCGACAGG	1	1	True
PB.5831.1	junction_7	chr6	+	34392997	34394057	known	canonical	CTGCAGCACAGG	TTTGTGCACAGG	8	AGCACAGG	1	1	True
PB.219.2	junction_6	chr1	-	88272766	88274067	novel	canonical	TTTGTGAAGATG	CTCCTGTGAAGG	8	TGTGAAGA	-1	1	True
PB.3541.4	junction_3	chr19	+	10607864	10619289	novel	non_canonical	TATAAGCAGAGT	ATCAGCAGACTT	8	AGCAGAGT	1	0	True
PB.2675.2	junction_1	chr16	-	18408041	18410682	known	canonical	TTCTCCTGGAGG	GTCCCCTGCAGG	8	CCTGGAGG	1	1	True
PB.2823.1	junction_2	chr16	+	84801639	84806834	known	canonical	AGAGTTCCAAGG	GTTGTTCCTAGA	8	GTTCCAAG	0	0	True
PB.5046.2	junction_7	chr4	-	116641863	116645503	novel	canonical	AGCCTGGTCAGG	TGTGGGGTCAGG	8	TGGTCAGG	1	1	True
PB.4688.1	junction_19	chr3	-	116781148	116781242	known	canonical	TGCCTCATCAGG	CCTCTCTTCAGA	8	CTCATCAG	0	0	True
PB.7765.1	junction_4	chrX	+	135798095	135798390	known	canonical	AGATCTTGGAGG	TGCACTTGTAGG	8	CTTGGAGG	1	1	True
PB.3916.1	junction_2	chr2	+	71506943	71509740	known	canonical	CTGTCCCCAAGG	CTTTCCTCAAGC	8	TCCCCAAG	0	0	True
PB.5847.1	junction_1	chr6	-	38689051	38693343	novel	non_canonical	CACACACACACA	CACACACACACA	8	ACACACAC	0	0	False
PB.3192.1	junction_4	chr17	-	79854611	79856135	known	canonical	AGTATTTTAAGG	TGTCTTTTTAGG	8	TTTTAAGG	1	1	True
PB.2185.1	junction_4	chr14	+	56921618	56925840	known	canonical	CTAAATTTCAGG	CTTTATTTTAGG	8	ATTTCAGG	1	1	True
PB.7307.1	junction_2	chr9	-	64725583	64726623	known	canonical	AGCTTTTGCAGG	TCTTTTTACAGA	8	TTTTGCAG	0	0	True
PB.247.1	junction_5	chr1	+	104945360	104947323	known	canonical	ATTTCCACAGAG	TTTCTTCACAGA	8	TCCACAGA	0	1	True
PB.6903.1	junction_5	chr8	-	88334217	88337080	known	canonical	AAGAAGCAGAGG	TATTGAAGCAGA	8	GAAGCAGA	-1	1	False
PB.3795.1	junction_4	chr2	+	29737456	29737919	known	canonical	TTCCAGCAGGCG	TCTCCCACCAGG	8	CCAGCAGG	-1	1	True
PB.956.1	junction_1	chr11	-	49675406	49677299	known	canonical	TTGATTTCAAGG	TTGTTTTCCAGG	8	TTTCAAGG	1	1	True
PB.956.1	junction_5	chr11	-	49682194	49683124	known	canonical	TAAGTCTTCAGG	TGATTTTTCAGG	8	TCTTCAGG	1	1	True
PB.2882.1	junction_10	chr17	-	12692786	12693073	known	canonical	TTGCCCTCCAGG	TTTCCTTCCAGA	8	CCCTCCAG	0	0	True
PB.3666.2	junction_2	chr19	+	47732753	47732801	novel	canonical	TCCTCAGACCAG	CCTCAGACCAGG	8	TCAGACCA	0	-1	False
PB.6391.1	junction_5	chr7	-	79142555	79142868	known	canonical	CCTGGATCCAGG	TCGGGGTCCAGG	8	GGATCCAG	0	0	True
PB.3610.1	junction_13	chr19	-	37298175	37303893	known	canonical	ACATCATTCAGG	TATTCATCCAGA	8	TCATTCAG	0	0	True
PB.2318.1	junction_8	chr15	-	9127998	9139431	known	canonical	GAACTTTCCAGG	CTTCTTTGCAGG	8	CTTTCCAG	0	0	True
PB.427.8	junction_1	chr1	-	172198429	172199209	novel	non_canonical	TGACCTCCTCAC	CCTCCTCCTCAT	8	CCTCCTCA	0	0	False
PB.5428.1	junction_3	chr5	-	38379994	38382042	known	canonical	TGACCCTGCAGG	TCCTTCTGCAGG	8	CCTGCAGG	1	1	True
PB.4631.1	junction_6	chr3	+	103353618	103353696	known	canonical	TTAATTTGAAGG	TTTGTTTGCAGG	8	TTTGAAGG	1	1	True
PB.6600.1	junction_1	chr7	-	131392581	131393754	known	canonical	GATCCACACAGG	CTCTCACACAGG	8	CACACAGG	1	1	False
PB.5963.1	junction_7	chr6	+	86457924	86462580	known	canonical	CTCCACTACAGG	TCTCACTGCAGC	8	CACTACAG	0	0	True
PB.1760.2	junction_19	chr13	+	6569366	6570601	known	canonical	GGATGGATCAGG	CTTTGGTTCAGG	8	TGGATCAG	0	0	True
PB.3862.1	junction_8	chr2	+	36243010	36245043	known	canonical	CATCCTTATAGG	TCCCCTTGTAGG	8	CCTTATAG	0	0	True
PB.7356.1	junction_5	chr9	+	75334302	75335650	known	canonical	CTGACATGCAGG	TCTTCATGCAGA	8	ACATGCAG	0	0	True
PB.5111.1	junction_12	chr4	+	127108716	127109924	known	canonical	TGTTTTAACAGG	ATTTGTAACAGG	8	TTTAACAG	0	0	True
PB.5325.1	junction_12	chr5	-	20802067	20803184	known	canonical	AAACGAAGAAGG	TTCTGATGAAGG	8	GAAGAAGG	1	1	True
PB.4034.1	junction_12	chr2	+	118624331	118626022	known	canonical	TGATTCTAAAGG	TCTTTCTATAGG	8	TTCTAAAG	0	0	True
PB.6145.1	junction_4	chr6	-	142365608	142366666	known	canonical	AATGTCAGCAAG	CGTGTCTGCAGG	8	TGTCAGCA	-1	-1	True
PB.3928.3	junction_4	chr2	+	75662002	75665036	novel	non_canonical	TGAAAAGTATGG	AGGTAACTATGG	8	AAGTATGG	1	1	True
PB.1005.1	junction_3	chr11	-	57490183	57491919	known	canonical	ACTCTCTCCCAG	CTTCTCTCCAGG	8	TCTCTCCC	-1	-1	True
PB.2926.1	junction_6	chr17	-	23585575	23585960	known	canonical	ATCGTTCCCAGG	CTCTTTTCCAGG	8	TTCCCAGG	1	1	True
PB.4118.1	junction_5	chr2	-	130604627	130629915	known	canonical	GCGGGCTTCAGG	TTTTGCTACAGG	8	GCTTCAGG	1	1	True
PB.6627.1	junction_19	chr7	-	139989428	139989896	known	canonical	GCTGGCCTCAGG	CTTCCCCTCAGG	8	GCCTCAGG	1	1	True
PB.5167.1	junction_12	chr4	+	134125170	134126206	known	canonical	ACACCTTGCAGG	CTGCCTTCCAGA	8	CCTTGCAG	0	0	True
PB.2122.4	junction_5	chr14	-	41004204	41013625	known	canonical	ATCCTCTCCAGG	CTTTTCTCCAGG	8	TCTCCAGG	1	1	False
PB.3977.3	junction_16	chr2	+	91570273	91572347	known	canonical	CTAATTTTCAGG	TTCTTGTTCAGG	8	TTTTCAGG	1	1	True
PB.4913.1	junction_10	chr4	-	48241336	48243476	known	canonical	TGAAATTTTAAG	TTAAATTTCAGA	8	AAATTTTA	-1	-1	True
PB.5372.1	junction_3	chr5	-	31037513	31037713	known	canonical	ACCCTGTCCAAG	TCTTGTCCCAGG	8	TGTCCAAG	1	0	True
PB.3016.1	junction_9	chr17	+	32550568	32550731	known	canonical	CAGACCCTGAGG	CCTCCCCTCAGG	8	CCCTGAGG	1	1	True
PB.5883.2	junction_3	chr6	+	53376033	53388784	known	canonical	TATGCTGTCAGG	TCTGCTTTCAGA	8	GCTGTCAG	0	0	True
PB.15.1	junction_2	chr1	-	10140585	10141558	known	canonical	AGGCTTTTAAAG	CTCTTTTACAGC	8	CTTTTAAA	0	-1	True
PB.7361.1	junction_2	chr9	-	75576791	75577108	known	canonical	TTGACAACCAGG	CCCACAACCAGA	8	ACAACCAG	0	0	False
PB.936.1	junction_2	chr11	-	33633211	33634578	known	canonical	TCTTCTTCCAGG	GTGTCTTTCAGA	8	TCTTCCAG	0	0	True
PB.5658.1	junction_9	chr5	+	129793733	129794351	known	canonical	AGTATACACTGG	CTTTTACACAGG	8	TACACTGG	1	1	True
PB.5231.2	junction_3	chr4	-	147761279	147795657	known	canonical	ACACTCCACAGG	GCTCTTCACAGA	8	CTCCACAG	0	0	True
PB.1403.1	junction_8	chr11	-	116179778	116180290	known	canonical	AATATGCCCAGG	TGTTTTCCCAGG	8	TGCCCAGG	1	1	True
PB.5815.2	junction_1	chr6	+	30213941	30214321	novel	canonical	TAAGGCTGGAGG	GGTGGCTGCAGG	8	GGCTGGAG	0	0	True
PB.3751.2	junction_2	chr2	-	25200768	25201044	known	canonical	GCCTCTCCCAGG	ATCTCTTCCAGG	8	TCTCCCAG	0	0	True
PB.7268.1	junction_4	chr9	+	56970359	56970589	known	canonical	TGGCCTCCAGGG	TCTCCCTACAGG	8	CCTCCAGG	0	1	True
PB.316.1	junction_10	chr1	+	139442898	139446874	known	canonical	GACACATTCAGG	TGTCCATACAGG	8	CATTCAGG	1	1	True
PB.6292.1	junction_6	chr7	-	38268660	38268901	known	canonical	ACGATGTGCAGG	CCACTCTGCAGG	8	TGTGCAGG	1	1	True
PB.4690.3	junction_1	chr3	-	119720461	119720606	known	canonical	AAGTTTTTTCAG	TTTTGTTTCAGA	8	TTTTTTCA	0	-1	True
PB.7382.1	junction_1	chr9	-	86307877	86372340	known	canonical	ATTCCTTCCAGG	TTTTTTTCCAGG	8	CTTCCAGG	1	1	True
PB.7708.1	junction_25	chrX	+	100717409	100717936	known	canonical	CCATCAAGCAGG	TATTCAAACAGA	8	TCAAGCAG	0	0	True
PB.4456.1	junction_6	chr3	+	58541717	58544994	known	canonical	CAACAATTTTAG	TCTCATTTTAGA	8	AATTTTAG	1	0	True
PB.1641.3	junction_9	chr12	-	83370665	83487676	known	canonical	CCCCTGAAAGCG	GTTTCCTGAAGG	8	CCTGAAAG	-1	1	True
PB.3542.1	junction_2	chr19	+	10706309	10710269	known	canonical	AGTCTCCTGAGG	GCTTTCCTTAGG	8	TCCTGAGG	1	1	True
PB.2097.1	junction_3	chr14	+	31006732	31008653	known	canonical	TGACATTTCAGG	GTTCTTTTCAGA	8	CATTTCAG	0	0	True
PB.4785.2	junction_7	chr3	+	157541870	157543157	known	canonical	TCCAGGTCCAGG	TGTTGTTCCAGG	8	GGTCCAGG	1	1	True
PB.3144.4	junction_21	chr17	-	57218478	57225287	novel	non_canonical	ATTCCTGTCAAG	GATGGTGTCAAG	8	CTGTCAAG	1	1	True
PB.3510.1	junction_9	chr19	+	7529070	7529607	known	canonical	AATATTTTAAGG	TATATTTTAAGG	8	ATTTTAAG	0	0	False
PB.4329.1	junction_2	chr2	+	180137113	180138212	known	canonical	TGCCGTCACAGG	CTTTGTTACAGG	8	GTCACAGG	1	1	True
PB.2878.1	junction_1	chr17	+	10205687	10210187	novel	non_canonical	TTTTTTTTTTGT	AGTTTCTTTTGT	8	TTTTTTTG	0	0	True
PB.2359.1	junction_35	chr15	-	38008784	38009118	known	canonical	CACCATTCCAGG	CTTTATTACAGG	8	ATTCCAGG	1	1	True
PB.2690.1	junction_18	chr16	+	20559733	20559914	known	canonical	AAAATTTCCTGG	GCCTTTTCCAGG	8	TTTCCTGG	1	1	True
PB.4846.1	junction_4	chr4	+	33325148	33329519	known	canonical	TGAACTTATAGG	TTCTCTTCTAGG	8	CTTATAGG	1	1	True
PB.3675.1	junction_9	chr19	+	55281502	55282472	known	canonical	TGGAACTACAGG	CTTTCCTACAGG	8	ACTACAGG	1	1	True
PB.1393.1	junction_1	chr11	+	115604244	115604720	known	canonical	AACCTTCCAGGG	CCCACTCCCAGG	8	CTTCCAGG	0	1	True
PB.7586.1	junction_6	chrX	+	13287564	13287784	known	canonical	ACATTGAAAGTG	GAATTTGATAGT	8	TTGAAAGT	0	1	True
PB.4576.2	junction_2	chr3	+	95283626	95287644	known	canonical	ACCTCTTTGAGG	TTCTCTTTCAGG	8	TCTTTGAG	0	0	True
PB.4319.1	junction_1	chr2	+	176303600	176436413	novel	canonical	ATGACCCAGGGG	TGATGACCCAGG	8	GACCCAGG	-1	1	False
PB.1015.3	junction_4	chr11	-	59213518	59223778	novel	non_canonical	GCCAGGACTTTG	CCCAGGTCTTTG	8	AGGACTTT	0	0	True
PB.4834.1	junction_6	chr4	-	24682271	24708952	known	canonical	ATCTCATCCAGG	TTGGCACCCAGG	8	CATCCAGG	1	1	True
PB.5457.1	junction_4	chr5	-	65269094	65272140	known	canonical	TGCCCACCCAGG	TTTCCTCCCAGG	8	CCACCCAG	0	0	True
PB.1296.1	junction_6	chr11	-	100788762	100790746	known	canonical	AGTTCAACCGGG	TCCCCAACCAGG	8	CAACCGGG	1	1	True
PB.5742.1	junction_6	chr5	+	145101270	145104441	known	canonical	AAAAGTGTGCAG	CTTGTGTTCAGG	8	GTGTGCAG	1	0	True
PB.4021.1	junction_2	chr2	-	110661273	110661423	known	canonical	GGTTACTGCAGG	GTGGATTGCAGG	8	ACTGCAGG	1	1	True
PB.7404.2	junction_14	chr9	-	95484475	95485560	known	canonical	CCTATGTTCAGG	GTTTTGTTTAGG	8	TGTTCAGG	1	1	True
PB.3681.1	junction_6	chr19	-	57043062	57043795	known	canonical	CCTCCACTCAGG	TTCTCACTCAGC	8	CCACTCAG	0	0	True
PB.3681.1	junction_10	chr19	-	57061383	57063765	known	canonical	CATCTGCAGAAG	CCTTTCTGCAGG	8	TCTGCAGA	-1	1	True
PB.1964.1	junction_17	chr13	-	85238218	85244187	known	canonical	TATTATAACAGG	TATTTTAACAGT	8	TATAACAG	0	0	True
PB.1170.1	junction_1	chr11	+	78646157	78654415	novel	non_canonical	CTTTTTTTTTTC	TTTTTGTTTTTC	8	TTTTTTTT	0	0	True
PB.5328.1	junction_3	chr5	+	21740127	21740484	known	canonical	TGGCCTTCAAGG	TTTATTTCAAGG	8	CTTCAAGG	1	1	True
PB.6013.2	junction_1	chr6	-	106779718	106780582	novel	non_canonical	GTAAGCACAAGA	CTCAGCACAAGC	8	AGCACAAG	0	0	False
PB.2756.1	junction_10	chr16	-	36759315	36760070	known	canonical	ATCAGATGCAGG	TGGTGTTGCAGG	8	GATGCAGG	1	1	True
PB.1582.1	junction_5	chr12	+	69303650	69303880	known	canonical	TATAAAAACAAG	ATATAAAACAGG	8	AAAACAAG	1	1	True
PB.3652.7	junction_1	chr19	+	45525719	45526457	novel	canonical	CTGAGTTTGAGG	CTGAGTTTGAGA	8	AGTTTGAG	0	0	False
PB.1891.3	junction_5	chr13	+	58846799	58859274	novel	non_canonical	GATTTGTACTGC	ACCTTGTACTGG	8	TTGTACTG	0	0	False
PB.6002.1	junction_16	chr6	-	94630240	94630901	novel	canonical	AGTGGTTTCAGG	CTCTGTCTCAGG	8	GTTTCAGG	1	1	True
PB.4970.1	junction_15	chr4	-	86605716	86607894	known	canonical	GAAGTTTTCAGG	ATTTTTTCAAGA	8	TTTTCAGG	1	0	True
PB.5985.1	junction_4	chr6	+	88908073	88908183	known	canonical	GGCTCCTCCAGG	GCCCCCTGCAGG	8	CCTCCAGG	1	1	True
PB.2736.1	junction_7	chr16	-	33040893	33045519	known	canonical	CAGAATGACAGG	CCCCATGGCAGG	8	ATGACAGG	1	1	True
PB.1330.1	junction_7	chr11	+	103057536	103058204	known	canonical	GGCACCTGCAGG	TGTTCCTACAGG	8	CCTGCAGG	1	1	True
PB.1330.1	junction_8	chr11	+	103058314	103060077	known	canonical	GACTGCCAGAGG	TGTCCTTCCAGA	8	CTGCCAGA	-1	1	True
PB.7138.4	junction_14	chr9	+	21744386	21747148	novel	canonical	CTGCCTCACAGG	TCTCCCCACAGC	8	CCTCACAG	0	0	True
PB.2701.2	junction_2	chr16	-	22247264	22248435	known	canonical	CAGATTTACAGG	TTTTTTTACAGA	8	ATTTACAG	0	0	True
PB.1392.1	junction_13	chr11	+	115580796	115580920	known	canonical	GCTCACCACAGG	TTCCACCATAGC	8	CACCACAG	0	0	True
PB.6901.1	junction_7	chr8	+	86665842	86667712	known	canonical	TCAGGTTCCAGG	TTCTTTTCCAGG	8	GTTCCAGG	1	1	True
PB.2426.1	junction_5	chr15	-	76297769	76297905	known	canonical	CACTTAACCAGG	CATTTCACCAGG	8	TTAACCAG	0	0	True
PB.6098.1	junction_9	chr6	+	125137725	125139639	known	canonical	ACCTTGCTCAGG	CTTATTCTCAGG	8	TGCTCAGG	1	1	True
PB.2949.1	junction_7	chr17	-	24894708	24894820	known	canonical	CGTGGACCCAGG	CTGGGATCCAGC	8	GGACCCAG	0	0	True
PB.3457.2	junction_8	chr19	+	4151726	4152521	known	canonical	GAAATTGCCAGG	CCCTTTTCCAGG	8	TTGCCAGG	1	1	True
